r13_lag,r_on,r1,r2,r3,r4,r5,r6,r7,r8,r9,r10,r11,r12,r13,r_onfh,r_daily,etaonfh,etaonfh12,etaon,eta12,etaon12,etalag,etalagon,etalag12,alwayslong,buyandhold,etalagon12,eta1011,etadim1,etadim2,etadim3,etadim23
-0.00311936084292597,0.00318495203836933,0.000933776565943401,0.00160459735801188,-0.000484333668641423,-0.000447293872073762,-3.72911694512812e-05,0.000335633041208316,-0.000391440501043894,0.000540772372126019,0,0,0.000149097957357958,0.00063357185450208,0.00115460538567547,0.00412170263788969,0.00399656370223722,0.00115460538567547,0.00115460538567547,0.00115460538567547,0.00115460538567547,0.00115460538567547,0.00115460538567547,0.00115460538567547,0.00115460538567547,0.00115460538567547,0.00399656370223722,0.00115460538567547,-0.00115460538567547,0.00115460538567547,0.00115460538567547,0.00115460538567547,0.00115460538567547
0.00115460538567547,0.000827752976190421,0.00199797414714387,0.00122421724291422,-0.000185260661751174,0.000296471983397772,-0.00023710729104931,0.000700373532550813,0.000999833361106317,-0.00016647244880974,-0.000851000851000761,0.000629536364982863,0.000240553643462427,0.000314494496346462,0.000406864920846406,0.00282738095238089,0.00538059084277354,0.000406864920846406,0.000406864920846406,0.000406864920846406,0.000406864920846406,0.000406864920846406,-0.000406864920846406,0,0,0.000406864920846406,0.00538059084277354,-0.000406864920846406,0.000406864920846406,-0.000406864920846406,-0.000406864920846406,-0.000406864920846406,-0.000406864920846406
0.000406864920846406,0.00255111472621738,0.00241997344741085,0.000529033957505032,-0.000257390792763657,-0.00121372613924742,0.000257769921932605,0.000331333063358308,0.000515236272633501,-7.35672772752549e-05,0.000367863449087791,-0.000459660219165992,0.000331107554770727,-5.51663264742874e-05,-0.000956269079407046,0.00497726180352709,0.00173329399616451,-0.000956269079407046,0,-0.000956269079407046,0.000956269079407046,0,0.000956269079407046,0,0.000956269079407046,-0.000956269079407046,0.00173329399616451,0.000956269079407046,0.000956269079407046,0.000956269079407046,-0.000956269079407046,0.000956269079407046,0
-0.000956269079407046,0.00335014541840017,-0.000862258751009093,-0.000477405850057844,0.000900156149536091,0.00082593054841773,-9.16943277887716e-05,0.000183405472819365,-0.000627131697656491,0.000499084400309657,0.000128376767473126,0.000770161733964159,-9.16153620638127e-05,0.000897912810833512,0.00106188209447078,0.00248499797518686,0.00311880824833044,0.00106188209447078,0.00106188209447078,0.00106188209447078,0.00106188209447078,0.00106188209447078,0.00106188209447078,0.00106188209447078,0.00106188209447078,0.00106188209447078,0.00311880824833044,0.00106188209447078,-0.00106188209447078,0.00106188209447078,0.00106188209447078,0.00106188209447078,0.00106188209447078
0.00106188209447078,0.000146311130619248,-0.000332809128478995,0.000113412282916059,7.31609174378089e-05,0.000438933391857743,-0.000255932141420723,0.000548566413107077,0.000201030739427566,0.00122421385371574,-0.000109497043579876,-7.30060229968688e-05,0.000328551089694429,-0.000729873731844299,0.000401723760134365,-0.000186546691539502,0.00182862158504915,-0.000401723760134365,-0.000401723760134365,0.000401723760134365,-0.000401723760134365,0,-0.000401723760134365,0,-0.000401723760134365,0.000401723760134365,0.00182862158504915,-0.000401723760134365,-0.000401723760134365,-0.000401723760134365,0.000401723760134365,-0.000401723760134365,0
0.000401723760134365,0.00189829518490114,-0.000765166697030306,0.00123978996499408,-0.000728385170077894,0.00229608572053364,-0.000254536198683653,-0.000436458863752098,0.000509424350483956,0.000909223159732298,-7.26717779175878e-07,-0.00110751870027881,0.000218257216129114,-0.0013274416743948,-0.000254916241806402,0.00113167597561414,0.000291492075059185,-0.000254916241806402,0,-0.000254916241806402,0.000254916241806402,0,0.000254916241806402,0,0.000254916241806402,-0.000254916241806402,0.000291492075059185,0.000254916241806402,0.000254916241806402,0.000254916241806402,-0.000254916241806402,0.000254916241806402,0
-0.000254916241806402,-0.0034968855862747,-0.000731074313703894,0.000987672385411642,0.000475076743166269,0.000182635058625813,0.000786282959608586,1.71510750621717e-05,0.000656838417749217,-0.000255269491649224,0.000510669341601488,-0.00189580371140052,0.000310479599664015,-0.000164320534589479,0.00105912859281987,-0.00422540341674849,0.00193734693131575,-0.00105912859281987,-0.00105912859281987,-0.00105912859281987,-0.00105912859281987,-0.00105912859281987,0.00105912859281987,0,0,0.00105912859281987,0.00193734693131575,-0.00105912859281987,-0.00105912859281987,-0.00105912859281987,-0.00105912859281987,0.00105912859281987,0
0.00105912859281987,0.00218898212331253,0.00134692391700031,-0.00076344203293699,0.000945936112930257,-0.000218086653096861,0.000488984221624467,0.000601392833069037,0.00105316676350942,3.62778886271453e-05,-0.000399042298483643,7.2582108510133e-05,0.000108865261095215,0.000507982583454192,0.00123304562268789,0.00353885443268864,0.00502366217692019,0.00123304562268789,0.00123304562268789,0.00123304562268789,0.00123304562268789,0.00123304562268789,-0.00123304562268789,0,0,0.00123304562268789,0.00502366217692019,-0.00123304562268789,0.00123304562268789,-0.00123304562268789,0.00123304562268789,0.00123304562268789,0.00123304562268789
0.00123304562268789,0.000977977397855767,0.00246064772932852,0.000487311843482718,0.00167661862067714,-0.000868422938900326,0.000870259268044959,-0.000504268270719921,0.000612634689538316,-0.000396167975221573,0.00059448747973323,0.000576130205426573,-0.000431848852901484,-0.000414033950783987,0.000972482351246251,0.00344103158504772,0.00564501537904838,0.000972482351246251,0,0.000972482351246251,-0.000972482351246251,0,-0.000972482351246251,0,-0.000972482351246251,0.000972482351246251,0.00564501537904838,-0.000972482351246251,-0.000972482351246251,-0.000972482351246251,0.000972482351246251,0.000972482351246251,0.000972482351246251
0.000972482351246251,0.00514555071785816,0.00232691343882019,-0.00132147576699171,-0.0030934840140191,0.000627791429750113,-0.00161689312730795,0.000434503140272824,-0.00102979181622398,0.000132584488477194,-0.00237111550206581,-0.00261082502070664,-0.000740165724910979,0.00278219395866453,-0.00205383201816023,0.00748443740779381,-0.00852008305291041,-0.00205383201816023,-0.00205383201816023,-0.00205383201816023,-0.00205383201816023,-0.00205383201816023,0.00205383201816023,0,0,-0.00205383201816023,-0.00852008305291041,0.00205383201816023,0.00205383201816023,-0.00205383201816023,0.00205383201816023,0.00205383201816023,0.00205383201816023
-0.00205383201816023,0.0032134604274987,-0.00205146661867928,0.00126226197345658,0.00108057486582869,0.00122332961537075,0.000539044812592149,0.000790173119747051,0.00136376686764272,0.000191742527417604,0.000363703468799326,0.00116414435389989,0.00110912343470493,-0.000607555126693193,-0.00010728078958655,0.00115540150202187,0.00633435306820229,-0.00010728078958655,0,-0.00010728078958655,0.00010728078958655,0,-0.00010728078958655,-0.00010728078958655,0,-0.00010728078958655,0.00633435306820229,0.00010728078958655,-0.00010728078958655,0.00010728078958655,-0.00010728078958655,-0.00010728078958655,-0.00010728078958655
-0.00010728078958655,-0.00153785629984626,0.00157604412923562,-0.00187754810099416,-0.000197065515326389,-8.95928899083964e-05,-0.000376323853556126,0.00118317736904383,-7.16229766508647e-05,-0.000195902872287212,0.000966094281775076,0.00130262851826002,-0.000478915221283738,-0.00119786172742398,-0.000536999248200942,3.57640999963937e-05,0,-0.000536999248200942,0,0.000536999248200942,0.000536999248200942,0.000536999248200942,-0.000536999248200942,0,0,-0.000536999248200942,0,0.000536999248200942,0.000536999248200942,0.000536999248200942,0.000536999248200942,0.000536999248200942,0.000536999248200942
-0.000536999248200942,0.00229242782434258,-0.000214423558001609,0.000321704317987059,-0.0012506700017868,0.000429338103756782,-0.000715256419426269,0.000679979958485344,7.15281999927875e-05,0.000107284626113202,-0.000286061646284974,0.00132341369196665,3.57206644043817e-05,0.00121445920845842,0.000285408490902528,0.00207751271581058,0.00200128654134812,0.000285408490902528,0.000285408490902528,0.000285408490902528,0.000285408490902528,0.000285408490902528,0.000285408490902528,0.000285408490902528,0.000285408490902528,0.000285408490902528,0.00200128654134812,0.000285408490902528,0.000285408490902528,0.000285408490902528,-0.000285408490902528,-0.000285408490902528,-0.000285408490902528
0.000285408490902528,-0.000677651758328013,0.00169527820407578,0.00222685407870582,-0.00103096448505113,-0.000249110320284629,0.00185099490976404,0.000994848108012203,-7.09899549214965e-05,0.000177487487132089,0.000212947189097035,-0.000709672840820352,0.000319579575314144,0.000674452451102203,0.0027314650585315,0.00101647763749213,0.00885113672864857,0.0027314650585315,0.0027314650585315,-0.0027314650585315,0.0027314650585315,0,-0.0027314650585315,-0.0027314650585315,0,0.0027314650585315,0.00885113672864857,-0.0027314650585315,-0.0027314650585315,0.0027314650585315,-0.0027314650585315,-0.0027314650585315,-0.0027314650585315
0.0027314650585315,-0.000353769413096616,0.000283115688147983,0.00106138333628158,0.00176709666018726,-0.00039830657964357,-0.000969163586413524,-4.41598586884417e-05,0.000105988341282393,0.000317578069803481,0.00102447329324185,-0.00116418542298735,0.000882986613922832,-0.00033523890182785,-8.82503485889474e-05,-7.07538826194565e-05,0.00244187281027708,8.82503485889474e-05,8.82503485889474e-05,8.82503485889474e-05,8.82503485889474e-05,8.82503485889474e-05,8.82503485889474e-05,8.82503485889474e-05,8.82503485889474e-05,-8.82503485889474e-05,0.00244187281027708,8.82503485889474e-05,8.82503485889474e-05,8.82503485889474e-05,-8.82503485889474e-05,8.82503485889474e-05,0
-8.82503485889474e-05,0.00247122784720744,0.00112691928440634,0.000299352750809057,-0.00061575770022404,-0.00281501812167917,-0.000705741204700239,-0.00130654331014513,-0.000495014496853075,-0.000581576340738632,0.0022101434398667,0.00134209225118309,-0.000211625282167005,-0.000599731884569077,-0.000388294680362944,0.00360093200593092,-0.00274686575574012,-0.000388294680362944,0,-0.000388294680362944,0.000388294680362944,0,-0.000388294680362944,-0.000388294680362944,0,-0.000388294680362944,-0.00274686575574012,0.000388294680362944,0.000388294680362944,-0.000388294680362944,-0.000388294680362944,0.000388294680362944,0
-0.000388294680362944,0.00346069637686286,-0.00422649211711723,0.000710350262759007,0.000565051560954766,0.000811802908372128,0.000638335390583666,0.000454655994586384,-0.000739801310505328,-0.000458311299136205,0.00091704288939054,-0.00158573542885332,-0.00194119930822723,0.00110156305254971,0.000665862450832888,-0.000780422346210896,-0.00309684684684708,-0.000665862450832888,0,0.000665862450832888,0.000665862450832888,0.000665862450832888,0.000665862450832888,0.000665862450832888,0.000665862450832888,0.000665862450832888,-0.00309684684684708,0.000665862450832888,-0.000665862450832888,0.000665862450832888,0.000665862450832888,-0.000665862450832888,0
0.000665862450832888,0.00305175091781984,0.00103996382122484,-0.000667979187174761,0.00147757255936676,0.000316506832472641,-0.00028128940817207,0.00073767036672745,0.0007371266102707,0.000561206594177355,0.000676575755451214,-0.000500958126206319,0.000630892713189279,0.00163473326561347,0.00214473030357376,0.00409488844959061,0.00853614974071282,0.00214473030357376,0.00214473030357376,0.00214473030357376,0.00214473030357376,0.00214473030357376,-0.00214473030357376,0,0,0.00214473030357376,0.00853614974071282,-0.00214473030357376,-0.00214473030357376,-0.00214473030357376,0.00214473030357376,0.00214473030357376,0.00214473030357376
0.00214473030357376,-0.00198904281676382,0.000944055944055888,-0.00111852446990601,-0.00241231153160448,0.000350557386244121,0.00031539108494516,0.000770712909441418,0.000840130220184143,8.67405827007506e-05,-0.000698760696494327,-0.000367473358181547,-0.000210061968280661,-0.00151241376895328,-0.00160658992958151,-0.00104686464040205,-0.00461538461538458,0.00160658992958151,0.00160658992958151,0.00160658992958151,0.00160658992958151,0.00160658992958151,0.00160658992958151,0.00160658992958151,0.00160658992958151,-0.00160658992958151,-0.00461538461538458,0.00160658992958151,0.00160658992958151,0.00160658992958151,0.00160658992958151,0.00160658992958151,0.00160658992958151
-0.00160658992958151,-0.0080089925530421,-0.00145184135977328,0.000922018511294587,0.0016687333923826,-0.00157752696120916,-0.00111593304401736,-0.000354660235494242,0.00010643581920089,-0.00145446805491489,0.00230922268011935,-7.12437528799237e-05,-0.00166566292072701,0.00156263314870064,-0.00148929328938829,-0.00944920612617672,-0.00262039660056645,0.00148929328938829,0,0.00148929328938829,-0.00148929328938829,0,-0.00148929328938829,0,-0.00148929328938829,-0.00148929328938829,-0.00262039660056645,0.00148929328938829,0.00148929328938829,0.00148929328938829,0.00148929328938829,-0.00148929328938829,0
-0.00148929328938829,0.00409074771000495,-4.31381673068332e-05,-0.000212164073550181,-0.00162693640800748,-0.00136637381323501,2.02203450017091e-05,0.000881518268889714,0.000359739640650281,0.000974313551815653,-0.000973365188921216,-0.00220797165633302,-0.00126692488072877,0.000631066235289968,0.00164329048934531,0.00404743307533906,-0.00319010283149024,0.00164329048934531,0.00164329048934531,0.00164329048934531,0.00164329048934531,0.00164329048934531,0.00164329048934531,0.00164329048934531,0.00164329048934531,0.00164329048934531,-0.00319010283149024,0.00164329048934531,-0.00164329048934531,0.00164329048934531,0.00164329048934531,0.00164329048934531,0.00164329048934531
0.00164329048934531,-0.00360647015004789,0.00272950618615675,-0.000639068380316687,0.000515134290180352,8.87705281844564e-05,0.00424285460678164,-0.000583358376496035,3.53756898259228e-05,0.000813612083908177,-0.00314576558744539,-0.00106371662589066,0.00141979909842749,-0.00273278275972078,0.000856556925493912,-0.000886807846475879,0.00251590194568552,-0.000856556925493912,-0.000856556925493912,-0.000856556925493912,-0.000856556925493912,-0.000856556925493912,-0.000856556925493912,-0.000856556925493912,-0.000856556925493912,0.000856556925493912,0.00251590194568552,-0.000856556925493912,-0.000856556925493912,-0.000856556925493912,-0.000856556925493912,-0.000856556925493912,-0.000856556925493912
0.000856556925493912,-0.00525568181818192,-0.00260602598886195,-0.000322130355417061,0,-0.00150375939849634,-0.00222317842799769,0.00298461870193356,-0.00218746248976587,-0.00129273197357083,-0.00122249388753071,-0.00406796745626037,-0.00104825591903113,0.000289477493124801,-0.00332802778179719,-0.00784801136363644,-0.016421533628445,0.00332802778179719,0,0.00332802778179719,-0.00332802778179719,0,0.00332802778179719,0.00332802778179719,0,-0.00332802778179719,-0.016421533628445,0.00332802778179719,0.00332802778179719,-0.00332802778179719,0.00332802778179719,0.00332802778179719,0.00332802778179719
-0.00332802778179719,-0.00918263646922168,0.00369976922231574,0.00614379562043799,-0.00106426429737883,-0.0018156069574059,-0.00141874931790897,-0.00437158469945353,-0.000402488108305898,-0.00611296167502473,0.00412492634060113,-0.00630868544600927,-0.00878488114572562,0.00212258881358451,-0.018319646241314,-0.00551684088269444,-0.032272244404557,0.018319646241314,0,0.018319646241314,-0.018319646241314,0,-0.018319646241314,0,-0.018319646241314,-0.018319646241314,-0.032272244404557,0.018319646241314,0.018319646241314,-0.018319646241314,0.018319646241314,-0.018319646241314,0
-0.018319646241314,-0.02062987357105,0.0272871333049898,-0.00936829828059749,0.00170907709836676,-0.00375355450236969,0.0016364743492161,0.00816900338158733,-0.00131906233511703,-0.00124533001245319,-0.006857855361596,-0.000399474975746217,0.0153383573114103,0.00476065524609237,0.00425309655275319,0.00609432962374146,0.04038959533104,0.00425309655275319,0.00425309655275319,-0.00425309655275319,0.00425309655275319,0,0.00425309655275319,0,0.00425309655275319,0.00425309655275319,0.04038959533104,-0.00425309655275319,-0.00425309655275319,0.00425309655275319,-0.00425309655275319,0.00425309655275319,0
0.00425309655275319,-0.00267479010327676,0.00595991954108621,0.00131452269865973,0.00268106429007253,0.000663863686656274,0.00110570544007071,-0.00117811648626753,-0.00409141172134175,-0.00340501128835269,0.00159691016451902,0.00100111234705236,-0.00352002074304558,0.00464761502596267,-0.00965700965700955,0.00326918790400477,-0.00297995977054288,-0.00965700965700955,-0.00965700965700955,0.00965700965700955,-0.00965700965700955,0,0.00965700965700955,0.00965700965700955,0,-0.00965700965700955,-0.00297995977054288,0.00965700965700955,0.00965700965700955,-0.00965700965700955,-0.00965700965700955,0.00965700965700955,0
-0.00965700965700955,0.000709855787192737,-0.00336008960238954,-0.00325903727289756,-0.00439717378232096,-0.00339738024234659,0.00227264118783399,-0.00551755413627619,-0.00357210716321488,0.000381373708096655,0.00709732758949322,-0.0041325395566596,-0.00330735897825751,-0.00129628972819107,-0.0158475579486004,-0.00265261899424651,-0.0378196751913384,0.0158475579486004,0.0158475579486004,-0.0158475579486004,0.0158475579486004,0,-0.0158475579486004,-0.0158475579486004,0,-0.0158475579486004,-0.0378196751913384,0.0158475579486004,0.0158475579486004,-0.0158475579486004,-0.0158475579486004,-0.0158475579486004,-0.0158475579486004
-0.0158475579486004,0.0103212789073412,0.0014210000768109,-0.00291466922339401,-0.00576945267125661,-0.00162482107625062,-0.00511489130855969,-0.00745861733203501,0.00610198756057834,-0.00947774874215057,0.00696960151204906,0.011613811441755,-0.000889060688055499,0.00278562308972008,0.00956827038080177,0.0117569455222721,0.00495429756509735,0.00956827038080177,0.00956827038080177,0.00956827038080177,0.00956827038080177,0.00956827038080177,0.00956827038080177,0.00956827038080177,0.00956827038080177,0.00956827038080177,0.00495429756509735,0.00956827038080177,-0.00956827038080177,0.00956827038080177,-0.00956827038080177,0.00956827038080177,0
0.00956827038080177,0.0100699354148355,-0.00240252738313684,-0.00360298858421504,0.00277862362971981,0.00150009489466685,0.00464211590735797,0.00196174595389897,-0.00105425656086444,0.000150767027251142,0.0035801771245525,-0.000361997746902043,-0.00110291521226602,0.00191794216088148,-0.0043540274754148,0.00764321473611806,0.0036132498439303,-0.0043540274754148,-0.0043540274754148,-0.0043540274754148,-0.0043540274754148,-0.0043540274754148,0.0043540274754148,0,0,-0.0043540274754148,0.0036132498439303,0.0043540274754148,0.0043540274754148,0.0043540274754148,-0.0043540274754148,0.0043540274754148,0
-0.0043540274754148,-0.00644650531553936,0.00174539935496099,0.00117419794704743,0.00204297820823252,-0.00166125500264291,0.00155056349746596,-0.000868481667484655,-0.000566893424036374,0.00480242011722454,0.000639771187716187,0.000564143066681844,0.000714178319049852,0.000112684520902961,-0.000938931871103388,-0.0047123576867979,0.00933409220261794,0.000938931871103388,0,0.000938931871103388,-0.000938931871103388,0,-0.000938931871103388,0,-0.000938931871103388,-0.000938931871103388,0.00933409220261794,0.000938931871103388,-0.000938931871103388,-0.000938931871103388,0.000938931871103388,-0.000938931871103388,0
-0.000938931871103388,-0.00481184917860222,0.00132210176406145,0.00660178059453753,0.000637109770265765,0.00140449438202239,-0.00166432912575964,0.00221031731165455,0.00224282296650724,0.00193943010592257,0.00141453245979739,-0.00174708200133811,0.00249487991063124,0.00104004160166404,0.000779220779220768,-0.00349610916882825,0.0188116193857892,-0.000779220779220768,0,-0.000779220779220768,0.000779220779220768,0,0.000779220779220768,0,0.000779220779220768,0.000779220779220768,0.0188116193857892,-0.000779220779220768,-0.000779220779220768,-0.000779220779220768,-0.000779220779220768,0.000779220779220768,0
0.000779220779220768,0.00645137369767523,0,-0.00184195984527535,-0.00638494187119376,0.00490305326498763,0.000587343830856568,0.000632067585054852,0.00136523055340199,0.000664356779499276,0.00092108171837002,0.00187727757941625,-0.000110221177162306,0.000734888848061832,0.00238663484486867,0.00645137369767523,0.00571007552035363,0.00238663484486867,0.00238663484486867,0.00238663484486867,0.00238663484486867,0.00238663484486867,-0.00238663484486867,0,0,0.00238663484486867,0.00571007552035363,-0.00238663484486867,-0.00238663484486867,0.00238663484486867,-0.00238663484486867,-0.00238663484486867,-0.00238663484486867
0.00238663484486867,-0.000989010989010941,0.000109998900010844,0.00311629271154135,-0.000292386974160452,0.00175483493583894,0.00204372103207917,0.000473467603889777,-0.000764470331270362,-0.00364311996794053,0.000621594939485881,-0.0017722721625375,0.00243433696348472,3.65176745547036e-05,-0.00277524192075973,-0.000879120879120898,0.0013199868001319,0.00277524192075973,0,0.00277524192075973,-0.00277524192075973,0,0.00277524192075973,0.00277524192075973,0,-0.00277524192075973,0.0013199868001319,0.00277524192075973,0.00277524192075973,0.00277524192075973,0.00277524192075973,0.00277524192075973,0.00277524192075973
-0.00277524192075973,-0.00336885275916354,0.000257192196053913,0.000146929180135036,-0.00139562215366529,0.004818683339463,0.000969217108292675,-0.00045708017186219,0.000201207243460511,-0.00310894094840974,0.00170607767239628,-0.00296681561790346,-0.00172660813342629,-0.00228159269890338,0.00114340513425781,-0.00311252700574893,-0.00271888892971306,-0.00114340513425781,-0.00114340513425781,-0.00114340513425781,-0.00114340513425781,-0.00114340513425781,0.00114340513425781,0,0,0.00114340513425781,-0.00271888892971306,-0.00114340513425781,-0.00114340513425781,-0.00114340513425781,-0.00114340513425781,0.00114340513425781,0
0.00114340513425781,0.00132630880890106,0.00327458699731409,0.000403403256564516,0.00194288646944529,0.000183301624469445,-0.000980721739502588,-0.00114243030076655,0.0018695699989002,-0.000109769484083588,0.000146375379661112,0.00263437122681198,-0.00291938838813255,-0.00355012260732723,-0.00830088885624036,0.00460523891979525,-0.00658596710695769,-0.00830088885624036,0,-0.00830088885624036,0.00830088885624036,0,0.00830088885624036,0,0.00830088885624036,-0.00830088885624036,-0.00658596710695769,0.00830088885624036,0.00830088885624036,0.00830088885624036,-0.00830088885624036,-0.00830088885624036,-0.00830088885624036
-0.00830088885624036,0.00414814814814823,0.000405724402478658,0.00162223942779183,0.00025766555011586,0.00309119010819159,0.000752072785971336,-0.00086148431915245,-0.00289855072463774,-0.000699146305563669,-0.00136244798762752,0.00219579646017709,-0.00539192149980416,0.0010357710945883,-0.00107165293226419,0.00455555555555565,-0.00295072292711718,-0.00107165293226419,-0.00107165293226419,-0.00107165293226419,-0.00107165293226419,-0.00107165293226419,-0.00107165293226419,-0.00107165293226419,-0.00107165293226419,-0.00107165293226419,-0.00295072292711718,-0.00107165293226419,0.00107165293226419,-0.00107165293226419,-0.00107165293226419,-0.00107165293226419,-0.00107165293226419
-0.00107165293226419,0.00588191772713831,-7.3553749402544e-05,-0.0019125381588142,0.00221100342705549,0.00112144721844309,0.00192819759434415,-0.00142961876832837,0.000440512462831499,-0.000146772832348652,0.000990862049983443,0.000183311335973046,0.00256222279241958,0.00223393014489459,0.00207938129286434,0.0058079313406334,0.0102239711669301,0.00207938129286434,0.00207938129286434,0.00207938129286434,0.00207938129286434,0.00207938129286434,0.00207938129286434,0.00207938129286434,0.00207938129286434,0.00207938129286434,0.0102239711669301,0.00207938129286434,0.00207938129286434,0.00207938129286434,0.00207938129286434,0.00207938129286434,0.00207938129286434
0.00207938129286434,0.00411372820270128,0.00145022115872684,-0.00220838462095441,3.62831537317199e-05,0.00301139249691595,-0.00061493941038171,0.00213587664687998,0.000902589337021364,0.000649538106235692,-0.000180670753696321,3.60685432188035e-07,-7.21370604147564e-05,0.0023085524654618,7.1976103933391e-05,0.00556991517710892,0.00750489449641067,7.1976103933391e-05,7.1976103933391e-05,7.1976103933391e-05,7.1976103933391e-05,7.1976103933391e-05,-7.1976103933391e-05,0,0,7.1976103933391e-05,0.00750489449641067,-7.1976103933391e-05,-7.1976103933391e-05,7.1976103933391e-05,7.1976103933391e-05,-7.1976103933391e-05,0
7.1976103933391e-05,0.000215912771240445,-0.000791509264256085,0.00316854498973829,-0.00577868705358753,-0.000252707581227418,-0.00220272270971011,-0.00052475390851181,0.00345795238526292,-0.000649514668206286,-0.00216645603899612,-0.000940835896508174,-0.000217320438987256,-0.00197442306995599,-0.00401110768281399,-0.000575767389974335,-0.0128440366972477,0.00401110768281399,0.00401110768281399,-0.00401110768281399,0.00401110768281399,0,0.00401110768281399,0,0.00401110768281399,-0.00401110768281399,-0.0128440366972477,0.00401110768281399,0.00401110768281399,0.00401110768281399,0.00401110768281399,0.00401110768281399,0.00401110768281399
-0.00401110768281399,0.00494788249872435,0.0015681575526878,-0.000651772458992728,-0.00423928403203022,3.63874536060127e-05,-0.000818687916166239,-0.00060086305784679,0.0026235242675996,0.000145369966564779,0.00134447674418614,-0.000435461044380747,-0.00562715556362325,-0.00240963855421672,-0.00699019177280058,0.00652379911072254,-0.015984762324761,-0.00699019177280058,0,-0.00699019177280058,0.00699019177280058,0,-0.00699019177280058,-0.00699019177280058,0,-0.00699019177280058,-0.015984762324761,0.00699019177280058,0.00699019177280058,-0.00699019177280058,0.00699019177280058,-0.00699019177280058,0
-0.00699019177280058,0.000552832344377752,-0.00456755562104028,0.0065127294256957,-0.00319852941176468,-0.000466934680780406,0.00293944651616918,-0.00503127299484918,-0.00178417904652739,-0.0032228190405631,-0.00663817452058868,0.000434727629297971,-0.000934893983022378,0.00449169037281028,-0.00234759278581009,-0.00401724836914452,-0.0138131722410491,0.00234759278581009,0,-0.00234759278581009,-0.00234759278581009,-0.00234759278581009,-0.00234759278581009,-0.00234759278581009,-0.00234759278581009,-0.00234759278581009,-0.0138131722410491,-0.00234759278581009,0.00234759278581009,-0.00234759278581009,0.00234759278581009,-0.00234759278581009,0
-0.00234759278581009,-0.00657378702424083,-0.00150392901455065,-0.00026358398915538,0.00177024482109234,0.00248148287400829,0.00453812399204878,0.000485364396654919,0.00164197484793083,-0.00471293916024007,0.000243313556308467,0.00168406871000348,0.000280206231786595,0.0011765365006442,0.00402909904868487,-0.00806782952975016,0.0118810392149489,-0.00402909904868487,0,-0.00402909904868487,0.00402909904868487,0,0.00402909904868487,0,0.00402909904868487,0.00402909904868487,0.0118810392149489,-0.00402909904868487,0.00402909904868487,-0.00402909904868487,-0.00402909904868487,0.00402909904868487,0
0.00402909904868487,-0.00416155761156323,0.000186560202977581,0.00134298291427304,0.00461962595931742,0.00415337832826501,0.00184651746805531,-0.000147449130050048,0.00202772452440647,-6.25482909598629e-05,6.25522034933823e-05,-0.00106700025755191,0.00375690607734791,-0.00110083663584304,-3.67349937552275e-05,-0.00397577378961833,0.01567105705011,3.67349937552275e-05,3.67349937552275e-05,3.67349937552275e-05,3.67349937552275e-05,3.67349937552275e-05,3.67349937552275e-05,3.67349937552275e-05,3.67349937552275e-05,-3.67349937552275e-05,0.01567105705011,3.67349937552275e-05,3.67349937552275e-05,3.67349937552275e-05,-3.67349937552275e-05,-3.67349937552275e-05,-3.67349937552275e-05
-3.67349937552275e-05,0.00389405238602558,-0.00217733377245932,0.000385073805812652,-0.00414766478480821,-0.000362968923822815,0.00209906094641865,-0.00167205644568569,0.00465647028509375,0.000146557725424268,-0.00201487342931461,-0.000256956170618827,0.00212961263080591,-0.00047631260762826,0.000329912023460333,0.00170823996179426,-0.00139056610678079,0.000329912023460333,0,0.000329912023460333,-0.000329912023460333,0,0.000329912023460333,0.000329912023460333,0,0.000329912023460333,-0.00139056610678079,-0.000329912023460333,-0.000329912023460333,-0.000329912023460333,-0.000329912023460333,0.000329912023460333,0
0.000329912023460333,-0.00831837003920988,0.00188456137757731,0.00269317301663419,0.0016545268487258,-0.00227681686313397,-0.00298133902609587,-0.000479917306556388,0.00121883656509691,0.00125424229009896,-0.000147373074939283,0.000453239000663297,0.00112705936950985,0.00276296958526023,0.000880540064573054,-0.00644948514053278,0.00805557608454666,-0.000880540064573054,0,-0.000880540064573054,0.000880540064573054,0,-0.000880540064573054,-0.000880540064573054,0,0.000880540064573054,0.00805557608454666,-0.000880540064573054,0.000880540064573054,-0.000880540064573054,-0.000880540064573054,0.000880540064573054,0
0.000880540064573054,0.00293255131964809,-0.00105994152046796,-0.000548827338919144,-0.000146434324205691,0.000842120679554803,-0.000475580757270833,-0.00069541029207254,-0.000205838186279839,-0.000929759559342158,0.000806688178351278,0.000329742800615485,0.00234406475478899,0.000986589688310779,0.000511060816237086,0.00186950146627574,0.00175438596491206,0.000511060816237086,0.000511060816237086,0.000511060816237086,0.000511060816237086,0.000511060816237086,-0.000511060816237086,0,0,0.000511060816237086,0.00175438596491206,-0.000511060816237086,0.000511060816237086,0.000511060816237086,0.000511060816237086,-0.000511060816237086,0
0.000511060816237086,0.00664039696439001,7.24900326205535e-05,0.00181211945491455,0.00137471962954927,0.00111994219653178,6.42344195445066e-05,0.00116264048572545,-7.2085060371152e-05,0.00151389539703706,0.00028792513946363,3.59802828049371e-05,0.000863495718500529,7.18958947443227e-05,0.00222861250898632,0.00671336835960323,0.0105835447625953,0.00222861250898632,0.00222861250898632,0.00222861250898632,0.00222861250898632,0.00222861250898632,-0.00222861250898632,0,0,0.00222861250898632,0.0105835447625953,-0.00222861250898632,0.00222861250898632,-0.00222861250898632,0.00222861250898632,0.00222861250898632,0.00222861250898632
0.00222861250898632,0.00129115558424786,0.0013611290207034,-0.000608098440406435,-0.00293496546046745,-0.00140000717952393,0.00186929326335461,0.000645855758880431,-0.000788869764773326,0.000466518337759236,-0.000358692922988735,-0.00086117191144286,-0.000502783264499818,0.00161690201573772,-0.000932701965848715,0.00265404203428732,-0.00243570456336417,-0.000932701965848715,-0.000932701965848715,-0.000932701965848715,-0.000932701965848715,-0.000932701965848715,0.000932701965848715,0,0,-0.000932701965848715,-0.00243570456336417,0.000932701965848715,0.000932701965848715,-0.000932701965848715,0.000932701965848715,0.000932701965848715,0.000932701965848715
-0.000932701965848715,0.00466786355475768,0.000357398141529464,-0.000607359771346738,-0.00252028742001231,-0.00220410357494827,-0.000754283251320098,-0.00161754133716752,0.00154815481548165,0.000323531526349674,-0.00226398821288676,-0.000864428756663371,-0.00068493150684934,-0.00259730889939025,0.000723353466671517,0.00502692998204668,-0.0111150822015726,0.000723353466671517,0,0.000723353466671517,-0.000723353466671517,0,0.000723353466671517,0.000723353466671517,0,0.000723353466671517,-0.0111150822015726,-0.000723353466671517,-0.000723353466671517,-0.000723353466671517,0.000723353466671517,-0.000723353466671517,0
0.000723353466671517,0.00466225739997839,-0.00248219296352259,-0.00155072306971049,-0.000216716029762365,-0.00133670520231211,-0.00401548312411826,0.000290570971959836,0.000435729847494626,-0.00105255516840874,0.00361515823129754,-0.00146619603584042,-0.00105141034007694,-0.00217762131165378,0.00123667842723596,0.00216849181394352,-0.00974890279876262,0.00123667842723596,0,0.00123667842723596,-0.00123667842723596,0,-0.00123667842723596,0,-0.00123667842723596,0.00123667842723596,-0.00974890279876262,-0.00123667842723596,-0.00123667842723596,-0.00123667842723596,0.00123667842723596,-0.00123667842723596,0
0.00123667842723596,0.00217967813419562,-0.00222931090731149,0.00154402281520771,0.000145095763203873,0.00243000145074701,-0.00209848402619484,-0.0003263115913128,-0.000489627157986505,-0.000128816880454186,-0.00360007911464189,0.000628283692851284,0.00120117933971531,0.000836181196829822,-0.00101710923026632,-5.44919533548294e-05,-0.00311741037445179,0.00101710923026632,0,-0.00101710923026632,-0.00101710923026632,-0.00101710923026632,0.00101710923026632,0,0,-0.00101710923026632,-0.00311741037445179,0.00101710923026632,-0.00101710923026632,-0.00101710923026632,-0.00101710923026632,0.00101710923026632,0
-0.00101710923026632,-0.000781789753099837,9.09769100601032e-05,0.00101884870096791,0.000109051254089332,0.000218078726420323,-0.0019622806061268,0.000509739668669296,0.00076421994977971,-0.00174545454545461,-0.000400699402593463,0.000364418206333372,0.000327856908673763,0.000509832483612582,-0.00200189269855144,-0.00069088396785566,-0.00220164122345756,0.00200189269855144,0,0.00200189269855144,-0.00200189269855144,0,-0.00200189269855144,0,-0.00200189269855144,-0.00200189269855144,-0.00220164122345756,0.00200189269855144,-0.00200189269855144,0.00200189269855144,0.00200189269855144,-0.00200189269855144,0
-0.00200189269855144,-0.00441299828586006,-0.00102571616968283,-0.000550055005500427,-0.00348559897266554,-0.000552282768777723,-0.00386811567507828,0.000406804733727784,-0.00140475398321682,-0.00366490208418169,0.00263803225087322,-0.0010005558643692,0,0.000370947399658705,0.00300355977454769,-0.00543418797184436,-0.00912154736610749,-0.00300355977454769,0,-0.00300355977454769,0.00300355977454769,0,0.00300355977454769,0,0.00300355977454769,0.00300355977454769,-0.00912154736610749,-0.00300355977454769,-0.00300355977454769,0.00300355977454769,-0.00300355977454769,-0.00300355977454769,-0.00300355977454769
0.00300355977454769,0.00251395615364713,-0.000811299185013215,0.00140247278095584,-0.000221132937751056,-0.000589818262247799,-0.00177049905942239,0.00147803273842517,-0.000848614544515236,-0.000812407680945482,-0.000702564860669552,0.00200118421583051,0.00121433132421167,-0.000405515004055168,-0.000774479070625,0.00170061739805538,-0.000848176420695568,-0.000774479070625,0,-0.000774479070625,0.000774479070625,0,0.000774479070625,0,0.000774479070625,-0.000774479070625,-0.000848176420695568,0.000774479070625,-0.000774479070625,0.000774479070625,-0.000774479070625,0.000774479070625,0
-0.000774479070625,-0.000775079353362296,-0.000443246038488554,0.00070211743837989,0.000705686853766707,0.000955381929517163,0.0028018433179724,0.000294106834307417,0.000477783086478833,-0.00165307471897747,0.000956691319865977,-0.000110281954196156,-0.00411507352941176,0.00162174713813124,-0.00328025947220989,-0.00121798184099797,-0.00110811509622133,0.00328025947220989,0,0.00328025947220989,-0.00328025947220989,0,-0.00328025947220989,0,-0.00328025947220989,-0.00328025947220989,-0.00110811509622133,0.00328025947220989,0.00328025947220989,-0.00328025947220989,0.00328025947220989,-0.00328025947220989,0
-0.00328025947220989,-0.010168990126835,0,0.00145696353855351,-0.00499869437087319,-0.00166497956735268,-0.00182473048704423,0.00613243039879596,-0.00192573757618808,0.00361013805893262,-0.000218755809534676,-0.00556343813008742,-0.00172755603949992,-0.00274532769598956,-0.0055442407784565,-0.010168990126835,-0.0149805738194859,0.0055442407784565,0.0055442407784565,0.0055442407784565,0.0055442407784565,0.0055442407784565,-0.0055442407784565,0,0,-0.0055442407784565,-0.0149805738194859,0.0055442407784565,0.0055442407784565,-0.0055442407784565,0.0055442407784565,0.0055442407784565,0.0055442407784565
-0.0055442407784565,0.00280653847612555,-0.00172081237472121,0.000435680324297749,0.00166622486461931,-0.00381838115761213,-0.00629981024667936,0.00462114268255442,-0.00376354305265159,0.00438830802106382,0.002317541126857,-0.00524979152452432,-0.00847828986225174,-0.00126820644863757,-0.00719562875173163,0.00108089657526445,-0.0242048334026702,-0.00719562875173163,0,-0.00719562875173163,0.00719562875173163,0,-0.00719562875173163,-0.00719562875173163,0,-0.00719562875173163,-0.0242048334026702,0.00719562875173163,0.00719562875173163,-0.00719562875173163,-0.00719562875173163,-0.00719562875173163,-0.00719562875173163
-0.00719562875173163,0.0165497461338706,0.00133445173097457,-0.00422685907931308,-0.00164385195925831,-0.00337048527327743,0.00304023673187048,0.00283102255124601,-0.00129899900664798,0.00225707727620517,0.000114508187335272,0.00553392870773251,0.000455459824647786,0.00364201980348278,0.00234360234360231,0.0179062827022209,0.0110187585786183,0.00234360234360231,0.00234360234360231,0.00234360234360231,0.00234360234360231,0.00234360234360231,0.00234360234360231,0.00234360234360231,0.00234360234360231,0.00234360234360231,0.0110187585786183,0.00234360234360231,0.00234360234360231,0.00234360234360231,0.00234360234360231,0.00234360234360231,0.00234360234360231
0.00234360234360231,0.00241354602707688,-0.000677175426056276,-0.00218348831080817,0.000301829843425638,0.000792064270357828,0.00456018692997673,-0.00243856687300703,3.76081233548486e-05,-0.00101575721108649,-0.00304886427076667,-0.00366272703243575,-0.00310770863336618,-0.00878193430656937,-0.000767077052890142,0.00173473620696152,-0.0198638124976488,-0.000767077052890142,0,-0.000767077052890142,0.000767077052890142,0,0.000767077052890142,0,0.000767077052890142,-0.000767077052890142,-0.0198638124976488,0.000767077052890142,0.000767077052890142,0.000767077052890142,-0.000767077052890142,0.000767077052890142,0
-0.000767077052890142,0.00142018193682114,0.00125335377539293,-0.00274473924977126,-0.00287896817780509,-0.000692947336002447,0.00296633022574944,0.00361052429421926,-0.00399364690573689,0.00293375703419629,0.000268188958277404,-0.00298759001072457,0.000153668843641874,0.000422524391180845,-0.00234210021117298,0.00267531570260626,-0.00406285933307782,-0.00234210021117298,-0.00234210021117298,-0.00234210021117298,-0.00234210021117298,-0.00234210021117298,-0.00234210021117298,-0.00234210021117298,-0.00234210021117298,-0.00234210021117298,-0.00406285933307782,-0.00234210021117298,0.00234210021117298,-0.00234210021117298,-0.00234210021117298,0.00234210021117298,0
-0.00234210021117298,0.00592672413793105,-0.0031754533629198,0.00214929955862608,0.00624257975565845,-0.000532846159701506,0.00106626047220093,-0.000266281192939699,-0.000228301814999443,0.000418648905804009,0.00270105759719996,0.00125165990059561,0.0018950367165731,-0.000491679273827539,-0.00295152684754219,0.00273245073891637,0.008072538067182,-0.00295152684754219,0,-0.00295152684754219,0.00295152684754219,0,-0.00295152684754219,-0.00295152684754219,0,-0.00295152684754219,0.008072538067182,0.00295152684754219,-0.00295152684754219,0.00295152684754219,-0.00295152684754219,-0.00295152684754219,-0.00295152684754219
-0.00295152684754219,-0.00455425253330288,-0.00198253841168183,-0.00420216220346092,-0.0048720604595851,-0.000963762528912837,-0.0068686089137564,-0.000271981971480706,0.000855033035367159,-0.00543647095371225,-0.00280532562861158,0.00018989708361139,0.00277940888627937,-0.000702685821361793,0.00605516055941857,-0.00652776196440108,-0.0181478516146252,-0.00605516055941857,-0.00605516055941857,-0.00605516055941857,-0.00605516055941857,-0.00605516055941857,0.00605516055941857,0,0,0.00605516055941857,-0.0181478516146252,-0.00605516055941857,0.00605516055941857,0.00605516055941857,-0.00605516055941857,-0.00605516055941857,-0.00605516055941857
0.00605516055941857,0.00500912515046803,-0.00173866007263734,-0.00205132174788103,0.00515823766677026,0.000154338850947067,-0.00424366343891036,-0.00035178799736546,0.00120456152100301,0.00290326326791313,-3.85981164119364e-05,-0.00343536495927732,0.00472538539003775,0.00651503469545101,-0.00122563100846451,0.00326175591193278,0.00753419364809527,-0.00122563100846451,-0.00122563100846451,-0.00122563100846451,-0.00122563100846451,-0.00122563100846451,0.00122563100846451,0,0,-0.00122563100846451,0.00753419364809527,0.00122563100846451,0.00122563100846451,0.00122563100846451,-0.00122563100846451,-0.00122563100846451,-0.00122563100846451
-0.00122563100846451,-0.0148406641868313,0.00560529388867259,-0.000735464891228554,0.00522951772225455,0.00146435452793825,0.000692627366476906,0.00323002384065196,-7.66577232655941e-05,-0.00306654400490647,0.00119194094124886,0.0073351511194748,0.00141059855127712,0.00319792896029236,0.00121437516602785,-0.00931855658242897,0.0269754768392372,-0.00121437516602785,0,-0.00121437516602785,0.00121437516602785,0,0.00121437516602785,0,0.00121437516602785,0.00121437516602785,0.0269754768392372,-0.00121437516602785,0.00121437516602785,-0.00121437516602785,-0.00121437516602785,0.00121437516602785,0
0.00121437516602785,0.00560967289542513,0.000455316422298235,-0.00135929967434067,-0.000414984721017086,0.00519323671497607,0.000953682566382064,-0.00255073333583389,0.000601707344590086,-0.00379599353553572,0.000377273070248263,3.77130788957736e-05,0.00407285892069242,-0.000413145539906123,-0.00184113624408211,0.00606754349391658,0.00128151973163471,-0.00184113624408211,0,-0.00184113624408211,0.00184113624408211,0,0.00184113624408211,0,0.00184113624408211,-0.00184113624408211,0.00128151973163471,0.00184113624408211,-0.00184113624408211,0.00184113624408211,-0.00184113624408211,0.00184113624408211,0
-0.00184113624408211,-0.00832674571805003,0.00444886462848948,-0.00181399040096752,-0.00469465793359336,-0.00136939404313596,0.00212699501009417,-0.00485920321838584,0.00595851953706883,-0.00277176595663897,-0.00854782211392024,-0.00301465081894803,-0.00442972150533505,0.00150893755319981,0.00367007919644569,-0.00391492565405593,-0.0138097009543041,-0.00367007919644569,0,-0.00367007919644569,0.00367007919644569,0,0.00367007919644569,0,0.00367007919644569,0.00367007919644569,-0.0138097009543041,-0.00367007919644569,-0.00367007919644569,-0.00367007919644569,-0.00367007919644569,0.00367007919644569,0
0.00367007919644569,0.00665896843725933,0.00214124574618602,0.000827578312793342,0.00207047546214012,0.00182613657979824,0.00246496791098627,-3.44724260367135e-05,0.000492480206083945,0.00106020446800437,0.00151297374990533,-0.00368230228869237,0.000208487329656393,-0.00401728189191242,-0.00738203957382033,0.00881447267128554,-0.00256184758918654,-0.00738203957382033,0,-0.00738203957382033,0.00738203957382033,0,0.00738203957382033,0,0.00738203957382033,-0.00738203957382033,-0.00256184758918654,0.00738203957382033,0.00738203957382033,0.00738203957382033,-0.00738203957382033,0.00738203957382033,0
-0.00738203957382033,0.0140688491911369,-0.00385589536158459,0.00451595764866597,0.00105817907064609,0.000527964175423001,0.00037718768859385,-0.00591961390543716,0.00273089322966058,0.00211824337103295,0.000905899671611365,-0.000754233133461457,0.00196248631920581,0.000338995819051391,-0.0016567512613902,0.0101587058192132,0.0023059766378104,-0.0016567512613902,-0.0016567512613902,-0.0016567512613902,-0.0016567512613902,-0.0016567512613902,-0.0016567512613902,-0.0016567512613902,-0.0016567512613902,-0.0016567512613902,0.0023059766378104,-0.0016567512613902,0.0016567512613902,-0.0016567512613902,-0.0016567512613902,-0.0016567512613902,-0.0016567512613902
-0.0016567512613902,-0.00584596816776051,0.00337645585947888,0.00113430127041725,-0.0033612810635244,0.00170525597786941,0.00221305893924506,0.000905916768896953,-0.00201761167574921,-0.000151154442051271,0.000410446350958216,-0.00105251784482419,0.000189093109447036,-0.00260899156804195,-0.000113731139585904,-0.0024892509617559,0.0006070033005805,0.000113731139585904,0.000113731139585904,0.000113731139585904,0.000113731139585904,0.000113731139585904,-0.000113731139585904,0,0,-0.000113731139585904,0.0006070033005805,0.000113731139585904,0.000113731139585904,-0.000113731139585904,0.000113731139585904,0.000113731139585904,0.000113731139585904
-0.000113731139585904,0.00527014218009469,0.00509164969450104,-0.000412773462418858,-0.0020647195735416,0.00157995711544978,-0.000863849765258329,0.00109014359822579,0.00125793248469819,-0.00511916593223205,0.00126281664656225,0.00291775690378926,0.000319081046586067,0.00163242330424995,-0.00374658124461424,0.010388625592417,0.00290412612204882,-0.00374658124461424,-0.00374658124461424,-0.00374658124461424,-0.00374658124461424,-0.00374658124461424,-0.00374658124461424,-0.00374658124461424,-0.00374658124461424,-0.00374658124461424,0.00290412612204882,-0.00374658124461424,-0.00374658124461424,-0.00374658124461424,0.00374658124461424,0.00374658124461424,0.00374658124461424
-0.00374658124461424,0.00590425331879207,-0.00338343053686263,-0.00437025227421917,-0.00139406955276744,0.00249019015997565,0.000414000752728683,0.000564312855046767,-0.00139118664460824,0.00256033736209949,-0.000765388515416632,-0.00103808751355849,-0.00169306595432506,-0.00365568704303898,0.00298823618413602,0.00250084615095325,-0.0086735456856587,0.00298823618413602,0,0.00298823618413602,-0.00298823618413602,0,0.00298823618413602,0.00298823618413602,0,0.00298823618413602,-0.0086735456856587,-0.00298823618413602,-0.00298823618413602,0.00298823618413602,0.00298823618413602,-0.00298823618413602,0
0.00298823618413602,0.0069392065168199,-0.00209737827715362,0.00243957363759195,-0.0012729791456062,0.000674789128397357,0.000262241036975919,0.000429962546816487,0.00230312959072276,0.00059761700220351,0.000597633356974825,-0.00186569600235176,0.000299009530928762,-0.000597840301909236,-0.00056081055819357,0.00482727409865724,0.00119850187265924,-0.00056081055819357,0,-0.00056081055819357,0.00056081055819357,0,0.00056081055819357,0,0.00056081055819357,-0.00056081055819357,0.00119850187265924,0.00056081055819357,0.00056081055819357,0.00056081055819357,-0.00056081055819357,0.00056081055819357,0
-0.00056081055819357,0.00652326799341618,0.000989356427731902,0.000222775034344425,0.00219013326404105,0.000888954737388037,-0.000740137665605989,0.000814754462632461,-0.000814091178212073,0.000185171468780165,0.000296219498648442,-0.000925411808254673,0.000852167469433285,0.00186984044719218,-0.00179245042494502,0.00751907825826725,0.0040369607505728,-0.00179245042494502,-0.00179245042494502,-0.00179245042494502,-0.00179245042494502,-0.00179245042494502,-0.00179245042494502,-0.00179245042494502,-0.00179245042494502,-0.00179245042494502,0.0040369607505728,-0.00179245042494502,0.00179245042494502,-0.00179245042494502,-0.00179245042494502,-0.00179245042494502,-0.00179245042494502
-0.00179245042494502,0.00177864149546547,0.000275283088934986,-0.000664930459356117,0.00157101931429637,0.000721535338623402,-0.001458626457013,0.000627885503231784,-1.84556326591201e-05,9.22798663787194e-05,-0.00136192514947953,0.00180728902949689,-0.000700951818785489,-7.42053383542274e-05,-0.00177183008005533,0.00205441421432551,-0.000962567042517293,-0.00177183008005533,0,-0.00177183008005533,0.00177183008005533,0,-0.00177183008005533,-0.00177183008005533,0,-0.00177183008005533,-0.000962567042517293,0.00177183008005533,0.00177183008005533,-0.00177183008005533,-0.00177183008005533,-0.00177183008005533,-0.00177183008005533
-0.00177183008005533,-0.00240411288234632,-0.00137179297048795,0.000631149062557901,-0.00146556841792811,-0.00020436600092899,-0.00293603894897243,-0.000410019382734328,-0.000223738673229668,-0.00126813621274857,0.00197931060238266,-0.00093179276928812,0.00167879127028536,-0.000707635009310925,0.0020498676903582,-0.00377260790768197,-0.00318849176924219,-0.0020498676903582,-0.0020498676903582,-0.0020498676903582,-0.0020498676903582,-0.0020498676903582,0.0020498676903582,0,0,0.0020498676903582,-0.00318849176924219,-0.0020498676903582,-0.0020498676903582,0.0020498676903582,-0.0020498676903582,0.0020498676903582,0
0.0020498676903582,0.00039053782637799,-0.0020262859479856,-0.00037255048059015,-0.0031305903398926,-0.00349558845521158,0.00180082162486617,-0.00149985956371113,-0.000954525934413364,0.00221496414761413,-3.44620916989946e-05,-0.00035961682826946,-0.00110771850459512,-0.00206033031311614,0.00233073944588558,-0.00163653946291753,-0.00868142695146201,-0.00233073944588558,-0.00233073944588558,0.00233073944588558,-0.00233073944588558,0,-0.00233073944588558,0,-0.00233073944588558,0.00233073944588558,-0.00868142695146201,-0.00233073944588558,-0.00233073944588558,0.00233073944588558,-0.00233073944588558,-0.00233073944588558,-0.00233073944588558
0.00233073944588558,0.00230956756554024,-0.000807496319867318,-0.000449387709245963,0.000412123936907483,0.00284622874691021,-0.00134438718350871,-0.00160795752000598,-0.000749091726281792,-0.00014993065707114,0.000637300843486566,-0.00378427993406272,-0.00109021890497496,0.00246592877042384,0.00114543235376963,0.00150020627836311,-0.00249133943358504,0.00114543235376963,0.00114543235376963,0.00114543235376963,0.00114543235376963,0.00114543235376963,-0.00114543235376963,0,0,0.00114543235376963,-0.00249133943358504,-0.00114543235376963,-0.00114543235376963,0.00114543235376963,0.00114543235376963,-0.00114543235376963,0
0.00114543235376963,0.00442643859254255,-0.00182925007469381,-0.00243274409193384,-0.000900157527567336,0.000788347473533957,-0.00330094902284406,-0.00301080124948239,-0.00505832169416043,-0.00056910877565719,-0.00421380305216013,-0.00198238725172495,0.00206272202910718,0.00149087027789419,0.00117577156916582,0.00258909145472286,-0.0176650731998805,0.00117577156916582,0.00117577156916582,0.00117577156916582,0.00117577156916582,0.00117577156916582,-0.00117577156916582,0,0,0.00117577156916582,-0.0176650731998805,-0.00117577156916582,-0.00117577156916582,0.00117577156916582,0.00117577156916582,-0.00117577156916582,0
0.00117577156916582,-0.000532258677717334,-0.00703716383278163,0.00377949739503514,0.00234174698293987,0.00136993499091154,-0.00429657794676808,0.00217665253751864,0.000461057765584361,0.000377055236687962,0.00194167364653919,-0.00186191435193983,0.00517740216232676,-0.00143917588244202,-0.000341348706667799,-0.00756567691898247,0.00258663319259012,0.000341348706667799,0.000341348706667799,0.000341348706667799,0.000341348706667799,0.000341348706667799,0.000341348706667799,0.000341348706667799,0.000341348706667799,-0.000341348706667799,0.00258663319259012,0.000341348706667799,0.000341348706667799,0.000341348706667799,-0.000341348706667799,-0.000341348706667799,-0.000341348706667799
-0.000341348706667799,0.00417346435482036,0.00109570408433135,0.00135869565217406,0.0025252525252526,-0.00187976991616223,-0.000640325435986355,0.00192220714608782,-0.000263326185908297,0.00240818783865127,0.000863363363363456,0,0.0013918163747515,-0.0020640364402994,-0.000525426909363857,0.00527374132109104,0.00619639551139151,-0.000525426909363857,0,-0.000525426909363857,0.000525426909363857,0,-0.000525426909363857,-0.000525426909363857,0,-0.000525426909363857,0.00619639551139151,0.000525426909363857,0.000525426909363857,0.000525426909363857,-0.000525426909363857,-0.000525426909363857,-0.000525426909363857
-0.000525426909363857,0.00345462055499235,-0.00280657111851212,-0.000675472830981683,-0.00157716860683443,0.00315931999398233,-0.0019871025794842,0.000864044479507164,0.00198934013962915,-0.00101142536055432,-0.000449977501124965,0.000412665066026552,0.000224997187535214,-0.00104975068421265,0.000487896415837907,0.000638353798205094,-0.00243236163604399,0.000487896415837907,0,0.000487896415837907,-0.000487896415837907,0,0.000487896415837907,0.000487896415837907,0,0.000487896415837907,-0.00243236163604399,-0.000487896415837907,0.000487896415837907,-0.000487896415837907,-0.000487896415837907,0.000487896415837907,0
0.000487896415837907,0.00303848750844016,0.000339578892254666,-0.000825479810139584,0.000108508568435139,-0.000407798300715578,-0.00344337150984364,-0.00131450461954463,-0.000604715881313389,0.000191157677991161,0.000978179082016473,-0.00217995940765237,-0.000979358143739617,-0.00105572732071502,-0.00184947535291013,0.00337909820691729,-0.0109951755862223,-0.00184947535291013,0,-0.00184947535291013,0.00184947535291013,0,0.00184947535291013,0,0.00184947535291013,-0.00184947535291013,-0.0109951755862223,0.00184947535291013,0.00184947535291013,0.00184947535291013,-0.00184947535291013,0.00184947535291013,0
-0.00184947535291013,-0.0025713745509548,0.000606589073814501,-0.00147766453226228,-0.00216285952796536,0.000152108605544266,-0.00159689745637059,0.00192315015804123,-0.000912218020106881,-0.00199729889102374,0.00507414325467925,0.00143707205954935,0.0011361914861383,-0.00139971249148807,0.00386407546312073,-0.00196634524484773,0.00462524168783429,-0.00386407546312073,-0.00386407546312073,-0.00386407546312073,-0.00386407546312073,-0.00386407546312073,0.00386407546312073,0,0,0.00386407546312073,0.00462524168783429,-0.00386407546312073,0.00386407546312073,0.00386407546312073,-0.00386407546312073,-0.00386407546312073,-0.00386407546312073
0.00386407546312073,-0.00113249556587036,-0.0020775254363693,0.000454304535473682,0.000870354953454999,0.000529320579227832,-0.00170048747307561,0.00132485426603068,-1.89014478508831e-05,0.00130422455344492,-0.000302034960546593,0.00158616261943401,-0.00252629991327613,-0.00287291146896518,-0.00219880203199629,-0.00320766821389495,-0.0056288509686242,0.00219880203199629,0.00219880203199629,0.00219880203199629,0.00219880203199629,0.00219880203199629,0.00219880203199629,0.00219880203199629,0.00219880203199629,-0.00219880203199629,-0.0056288509686242,0.00219880203199629,0.00219880203199629,0.00219880203199629,-0.00219880203199629,0.00219880203199629,0
-0.00219880203199629,-0.00359042553191491,-0.000339364359116079,-0.00639289610399518,-0.0036093516065876,0.000386053081142812,0.0033306373964952,-0.00189931627684881,0.00984539650796101,-0.00201843247772093,0.00228963938179727,-0.000228440890919446,-0.000647397082904733,0.00148616721286476,-0.00076100604999807,-0.00392857142857139,0.00135364435377783,0.00076100604999807,0,0.00076100604999807,-0.00076100604999807,0,-0.00076100604999807,0,-0.00076100604999807,-0.00076100604999807,0.00135364435377783,0.00076100604999807,0.00076100604999807,0.00076100604999807,0.00076100604999807,-0.00076100604999807,0
-0.00076100604999807,-0.00430295876013864,0.00409629799602262,0.00456634917926446,0.00256227488151661,0.002133679845159,0.000717008188988233,0.000697639339316769,0.000282629585665051,0.000414406268836709,0.00180756919600822,0.00218020524001061,-0.00123776302464285,0.000638425717290225,-0.00168887220866953,-0.000224286965462062,0.0172862169190759,0.00168887220866953,0,0.00168887220866953,-0.00168887220866953,0,-0.00168887220866953,0,-0.00168887220866953,-0.00168887220866953,0.0172862169190759,0.00168887220866953,0.00168887220866953,0.00168887220866953,0.00168887220866953,-0.00168887220866953,0
-0.00168887220866953,0.00259398496240593,0.00393715549889384,-0.0011951893628146,1.86971804652103e-05,0.000504814433953449,-5.60621916578796e-05,0.00028032667401745,-0.000934160376653503,0.00029921083143214,0.000523462329407254,0.000896894502784074,-0.00302430646305496,-0.00164781664294811,0.0012379023182536,0.00654135338345863,0.000824927818815935,0.0012379023182536,0,0.0012379023182536,-0.0012379023182536,0,0.0012379023182536,0.0012379023182536,0,0.0012379023182536,0.000824927818815935,-0.0012379023182536,-0.0012379023182536,0.0012379023182536,0.0012379023182536,-0.0012379023182536,0
0.0012379023182536,-0.00209808549698398,-0.00071334709968085,-3.7571385632873e-05,0.0011271839188427,0.00157628072809168,-0.0016487428335894,-0.000957099425740293,-0.00103315487930888,0.00178638585934565,-0.00133270764899118,0.000714232012630545,-0.00167161263664017,0.00270351626436893,0.00156294855028549,-0.00280993593346068,0.00206495213065505,-0.00156294855028549,0,-0.00156294855028549,0.00156294855028549,0,-0.00156294855028549,-0.00156294855028549,0,0.00156294855028549,0.00206495213065505,-0.00156294855028549,-0.00156294855028549,0.00156294855028549,-0.00156294855028549,-0.00156294855028549,-0.00156294855028549
0.00156294855028549,0.0028100412139378,-5.6043340183054e-05,0.000242868085265302,-0.00194247291744487,0.00157197395014608,0.000485799701046341,0.00293205841706179,0.00195519803362942,0.00152393696104647,0.000668027463351262,-0.000927196528576202,0.000890934739030458,-0.00116831095616055,0.000649820835112669,0.0027538403896592,0.00683728750233525,0.000649820835112669,0,0.000649820835112669,-0.000649820835112669,0,-0.000649820835112669,0,-0.000649820835112669,0.000649820835112669,0.00683728750233525,-0.000649820835112669,-0.000649820835112669,-0.000649820835112669,-0.000649820835112669,-0.000649820835112669,-0.000649820835112669
0.000649820835112669,0.00304326851714398,0.00118349937717377,0.000849900229103584,0.000350747646298499,0.00164239974902647,0.00101330189026871,0.00167485690096258,-0.000220490959870645,-0.000404322575902394,-0.00084574370288637,0.000717650522596758,0.000128716694555164,-0.000459643316786162,0.000680584935160544,0.00423036960071244,0.00632593180690644,0.000680584935160544,0,0.000680584935160544,-0.000680584935160544,0,-0.000680584935160544,0,-0.000680584935160544,0.000680584935160544,0.00632593180690644,-0.000680584935160544,0.000680584935160544,-0.000680584935160544,0.000680584935160544,-0.000680584935160544,0
0.000680584935160544,0.000774971508400446,0.00192564271356188,-1.83321417440707e-05,0.00142993326978069,-0.00197708051111201,-0.000293481052129563,-0.0020546035007889,0.00113954729194798,7.34591934179463e-05,-0.000330542089025943,0.000146956170322232,0.000293869154758708,0.000510447651573598,0.000701048636625456,0.00270210654020087,0.00153992641267675,0.000701048636625456,0.000701048636625456,0.000701048636625456,0.000701048636625456,0.000701048636625456,-0.000701048636625456,0,0,0.000701048636625456,0.00153992641267675,-0.000701048636625456,0.000701048636625456,-0.000701048636625456,0.000701048636625456,0.000701048636625456,0.000701048636625456
0.000701048636625456,0.00275088028169024,0.00135337795822821,0.000547925189947618,-0.00127779197546651,-0.000255885363357189,-0.000146257632820279,-0.000292558054488912,-0.00146321834875796,-0.000531193904092175,0.000274901493631408,-0.000513008427995509,0.000861563279073163,0.000128207476327358,-0.000402886129729163,0.00410798122065725,-0.00171915578477622,-0.000402886129729163,-0.000402886129729163,-0.000402886129729163,-0.000402886129729163,-0.000402886129729163,0.000402886129729163,0,0,-0.000402886129729163,-0.00171915578477622,0.000402886129729163,0.000402886129729163,-0.000402886129729163,-0.000402886129729163,0.000402886129729163,0
-0.000402886129729163,-0.00542283453026537,-0.00394193928676689,0.00162739948958834,0.000516967615671549,-0.000147628713784709,-0.000959728323059461,-0.000184740439682085,0.00144124168514415,-0.00147606922764687,-0.00177390147455547,0.00185109770093672,-0.000369535493884299,-0.00103508188237023,0.00296044110572469,-0.00934339733255174,-0.00151046271735933,-0.00296044110572469,-0.00296044110572469,-0.00296044110572469,-0.00296044110572469,-0.00296044110572469,0.00296044110572469,0,0,0.00296044110572469,-0.00151046271735933,-0.00296044110572469,-0.00296044110572469,-0.00296044110572469,-0.00296044110572469,0.00296044110572469,0
0.00296044110572469,0.000885510829059521,0.00199063663508681,-0.00101173613921479,0.000543208057893096,-0.0013011511599017,0.00195703371184064,0.00187596557051428,0.000201931196534222,-0.000624024960998448,0.000844796238820278,1.83496339247746e-05,0.00055561671987947,-0.00169233285920611,0.000110221177161973,0.00287791019444361,0.00346518229070658,0.000110221177161973,0,0.000110221177161973,-0.000110221177161973,0,-0.000110221177161973,0,-0.000110221177161973,0.000110221177161973,0.00346518229070658,-0.000110221177161973,0.000110221177161973,-0.000110221177161973,0.000110221177161973,-0.000110221177161973,0
0.000110221177161973,-0.00102861761140283,-0.000202257934027172,0.00266960919540238,0.00197798392374482,-0.000878670278977811,-0.00124587761084638,0.000587026709715444,-0.001613376356703,0.000110180696342166,-0.00290110535786425,0.00136269888037721,0.00110338739931604,-0.00143282266064138,0.000772626931567322,-0.00123066749935707,0.000294193358584938,-0.000772626931567322,-0.000772626931567322,-0.000772626931567322,-0.000772626931567322,-0.000772626931567322,-0.000772626931567322,-0.000772626931567322,-0.000772626931567322,0.000772626931567322,0.000294193358584938,-0.000772626931567322,0.000772626931567322,-0.000772626931567322,0.000772626931567322,-0.000772626931567322,0
0.000772626931567322,-0.00136024410867253,-0.000184067147695477,0.000541257041864807,-0.000945767414816556,0.00029468100780905,0.00121520106053907,-0.00132406487917913,0.000257798401650078,0.000113402061855616,-0.000739238701944034,0.000478944847658758,0.000294225953748839,-0.0006622738412142,-0.000442054077948839,-0.00154406088011472,-0.00110440288617297,0.000442054077948839,0.000442054077948839,0.000442054077948839,0.000442054077948839,0.000442054077948839,0.000442054077948839,0.000442054077948839,0.000442054077948839,-0.000442054077948839,-0.00110440288617297,0.000442054077948839,-0.000442054077948839,0.000442054077948839,0.000442054077948839,0.000442054077948839,0.000442054077948839
-0.000442054077948839,0.00667059777401047,0.000457624016108271,0.00104290549812469,0.000804211141979705,-0.00304989407553502,0.000641154811408917,0.000842120679554803,3.65831351747392e-05,0.000310945273631846,0.000530271169705054,-0.00134142329763498,0.000208620796931402,-0.000805035128805476,0.00109865963524514,0.00713127441586203,0.000768808347062278,0.00109865963524514,0,0.00109865963524514,-0.00109865963524514,0,0.00109865963524514,0.00109865963524514,0,0.00109865963524514,0.000768808347062278,-0.00109865963524514,-0.00109865963524514,0.00109865963524514,0.00109865963524514,0.00109865963524514,0.00109865963524514
0.00109865963524514,0.00197541703248461,0.000146038700255646,-0.0015696867927284,0.000219370406932207,0.00109661147055595,-0.000310001095410239,-0.0006030277031146,-0.000184562531978627,0.00011148903660696,-0.000328947368421151,0.0006763920880406,-0.00184146586528811,-0.000552726846784646,-0.00175798417814244,0.00212174422007605,-0.00489229645856137,-0.00175798417814244,0,-0.00175798417814244,0.00175798417814244,0,0.00175798417814244,0,0.00175798417814244,-0.00175798417814244,-0.00489229645856137,0.00175798417814244,0.00175798417814244,0.00175798417814244,-0.00175798417814244,0.00175798417814244,0
-0.00175798417814244,-0.00506347226298809,0.00153809334688892,0.00115244277366844,-0.00246405060497967,0.00140097330777178,-0.000629555997349263,-0.000622584721255315,0.00221173695075216,-0.000735618655289039,3.68080094228507e-05,0.00290772571680975,0.0011376981796829,0.000623189999633178,0.00153868698710435,-0.003533167009099,0.00811306442697268,-0.00153868698710435,0,-0.00153868698710435,0.00153868698710435,0,0.00153868698710435,0,0.00153868698710435,0.00153868698710435,0.00811306442697268,-0.00153868698710435,0.00153868698710435,-0.00153868698710435,-0.00153868698710435,0.00153868698710435,0
0.00153868698710435,-0.00248738020337991,-0.003006967363403,-0.00128770045608351,-0.00213567640248835,0.00354308913083612,0.00152624030009907,0.000495731203525196,0.00025691844674447,0.00128426228305156,-4.03107593079932e-05,0.000296845739164109,-0.000677779813152646,0.000678239510201184,-0.000366367466568818,-0.00548686809569099,0.000550055005500649,0.000366367466568818,0,0.000366367466568818,-0.000366367466568818,0,0.000366367466568818,0.000366367466568818,0,-0.000366367466568818,0.000550055005500649,0.000366367466568818,0.000366367466568818,-0.000366367466568818,0.000366367466568818,0.000366367466568818,0.000366367466568818
-0.000366367466568818,-0.00157595748579809,-0.0004772043168636,0.00128539424877872,-0.000440140845070491,-3.66945545280384e-05,-0.000440350812814239,-0.00080766547964306,-0.000232207811294405,-0.000429243223616704,-0.000772087209088723,0.00114062844948126,-0.00148847807710673,0.00191398126506792,-9.18425451404969e-05,-0.00205240974894627,-0.00088099258497909,9.18425451404969e-05,0,9.18425451404969e-05,-9.18425451404969e-05,0,-9.18425451404969e-05,0,-9.18425451404969e-05,-9.18425451404969e-05,-0.00088099258497909,9.18425451404969e-05,9.18425451404969e-05,-9.18425451404969e-05,9.18425451404969e-05,-9.18425451404969e-05,0
-9.18425451404969e-05,-0.00690719376882942,0.00233074361820207,-0.000221459417561687,-0.00195665817550861,-0.000628837759857781,-0.00464041159270101,-0.00151087903559577,0.00290491974228169,-0.00202086969438164,-0.000505310222522426,-0.000111686087636453,-0.00279246407029565,0.0011201135048351,0.0036176481557455,-0.00459254904842388,-0.00443951165371803,-0.0036176481557455,0,-0.0036176481557455,0.0036176481557455,0,0.0036176481557455,0,0.0036176481557455,0.0036176481557455,-0.00443951165371803,-0.0036176481557455,-0.0036176481557455,-0.0036176481557455,-0.0036176481557455,0.0036176481557455,0
0.0036176481557455,0.0060572277963582,-0.000775680567355108,0.00129380452461936,0.00328570901170289,-0.000404768913747522,0.00258052641266349,0.000804109402939623,-0.000648640716146343,0.00129151535354044,0.000155823204825101,-2.74939284242715e-05,0.000476574528924578,-0.00120918984280549,0,0.00527684875510936,0.00683337642669812,0,0,0,0,0,0,0,0,0,0.00683337642669812,0,0,0,0,0,0
0,-0.00249468046078216,-0.000441338727473317,-0.000257561262786088,-0.00187700121453016,0.00243362831858418,0.000404620025012958,-0.00205905063058431,0.000865848715964512,-0.00104916343021211,-0.00261645047169823,0.000591169406983338,0.000701598906982737,0.000922509225092183,-0.00188018433179715,-0.00293491818915548,-0.00426627436557547,0.00188018433179715,0,0.00188018433179715,-0.00188018433179715,0,0.00188018433179715,0,0,-0.00188018433179715,-0.00426627436557547,0.00188018433179715,-0.00188018433179715,-0.00188018433179715,0.00188018433179715,0.00188018433179715,0.00188018433179715
-0.00188018433179715,0.00627908694688628,0.0018352664806931,0.000403018978530234,0.000769089910272802,-0.000768498865549194,0.0012451931880606,0.000384066717875609,0.000365637397393037,0.00074928269887975,-0.000657414170927684,-0.000328923324318553,0.000365590611633104,-0.00126082666374294,0.00133560202718752,0.00812587722538227,0.00444134488327697,0.00133560202718752,0,0.00133560202718752,-0.00133560202718752,0,0.00133560202718752,0.00133560202718752,0,0.00133560202718752,0.00444134488327697,-0.00133560202718752,-0.00133560202718752,0.00133560202718752,0.00133560202718752,0.00133560202718752,0.00133560202718752
0.00133560202718752,0.00312442901516552,0.0019489626782756,-0.00194517161140206,0.000528223529626004,-7.28199526669471e-05,0.000145650511597539,0.000841009211053345,-0.000112767869160146,0.000109142503728954,-0.000682066205893062,0.000282113118260208,0.000618654245059691,0,-0.000218213558335734,0.00507948108898248,0.0014389537531192,-0.000218213558335734,0,-0.000218213558335734,0.000218213558335734,0,0.000218213558335734,0,0,-0.000218213558335734,0.0014389537531192,0.000218213558335734,-0.000218213558335734,0.000218213558335734,-0.000218213558335734,0.000218213558335734,0
-0.000218213558335734,0.000582029829028885,0.000508979858939718,0.000726744186046568,-0.000953159041394258,-0.00155376857026035,-0.000764442503003115,0.000337704918032644,0.000463595718313226,0.000873616773441777,-7.27378527785039e-05,0.000872917727504197,0.000654117305036728,-0.00127106333527027,0.00069088396785566,0.00109130592942885,0.000508979858939718,0.00069088396785566,0,0.00069088396785566,-0.00069088396785566,0,0.00069088396785566,0.00069088396785566,0,0.00069088396785566,0.000508979858939718,-0.00069088396785566,0.00069088396785566,-0.00069088396785566,-0.00069088396785566,-0.00069088396785566,-0.00069088396785566
0.00069088396785566,0.00228924418604648,-0.00159518544030746,0.000254184974036731,0.000508240760909162,0.00195936139332353,0.00101397841674533,-0.000334273930974627,8.68534304920843e-06,0.000235225997901045,-0.000271350784203706,0.00112188766647359,0.00133752666015985,1.73285198554751e-05,0.00178769465366679,0.000690406976744162,0.00605445383025782,0.00178769465366679,0.00178769465366679,0.00178769465366679,0.00178769465366679,0.00178769465366679,-0.00178769465366679,0,0,0.00178769465366679,0.00605445383025782,-0.00178769465366679,0.00178769465366679,-0.00178769465366679,0.00178769465366679,-0.00178769465366679,0
0.00178769465366679,0.00133333333333341,0.000575808831467794,-0.00187030176599645,-3.6034737486923e-05,0.000360360360360357,-0.000756484149856074,0.00108150978766353,-0.00151247794303,-0.0016409997475384,-0.00113794411430013,0.00191681735985516,0.000577554777460909,0.000559183231718441,-5.40842632823502e-05,0.0019099099099098,-0.00194335480620444,-5.40842632823502e-05,-5.40842632823502e-05,-5.40842632823502e-05,-5.40842632823502e-05,-5.40842632823502e-05,5.40842632823502e-05,0,0,-5.40842632823502e-05,-0.00194335480620444,5.40842632823502e-05,-5.40842632823502e-05,-5.40842632823502e-05,-5.40842632823502e-05,5.40842632823502e-05,0
-5.40842632823502e-05,-0.00115386002235607,0.0010107938341577,-0.00104583648887457,0.00072202166064983,9.01875901877514e-05,-1.80358914239065e-05,0.00223649087367406,0,-7.1983875611803e-05,-0.000467928874811063,0.000756238971515,0,0.000359841669665517,0.000719424460431606,-0.000144232502794384,0.00429587379516994,-0.000719424460431606,0,-0.000719424460431606,0.000719424460431606,0,0.000719424460431606,0,0.000719424460431606,0.000719424460431606,0.00429587379516994,-0.000719424460431606,-0.000719424460431606,-0.000719424460431606,-0.000719424460431606,0.000719424460431606,0
0.000719424460431606,0.000718907260963242,0.000269396551724199,0.000592512792889632,-0.000322997416020598,0.000359001974510775,0.00154315449488607,0.000644976350867132,-3.580892358368e-05,-3.5810205908704e-05,-0.00028649190660357,-0.000501504513540807,0.000143358899003632,0.000501684225614474,-0.00227435530085962,0.000988497483824791,0.000592672413793238,-0.00227435530085962,-0.00227435530085962,-0.00227435530085962,-0.00227435530085962,-0.00227435530085962,0.00227435530085962,0,0,-0.00227435530085962,0.000592672413793238,0.00227435530085962,0.00227435530085962,-0.00227435530085962,0.00227435530085962,0.00227435530085962,0.00227435530085962
-0.00227435530085962,0.00160644732827175,-0.00119170288069526,3.58834505524985e-05,0.000771466504000839,-0.000250981517003979,0.00127315437445086,-0.000250725312511135,-0.000179134422470639,-0.000537499552083598,0.000573641187437079,-0.0022932492475275,-0.000754201982473668,0.00186895733745462,0.000825112107623482,0.000412830039667522,-0.000116482236458881,0.000825112107623482,0.000825112107623482,0.000825112107623482,0.000825112107623482,0.000825112107623482,0.000825112107623482,0.000825112107623482,0.000825112107623482,0.000825112107623482,-0.000116482236458881,0.000825112107623482,-0.000825112107623482,0.000825112107623482,0.000825112107623482,0.000825112107623482,0.000825112107623482
0.000825112107623482,0.000465983224603894,-0.000179140840528835,0.000860030101053511,-0.000393841747225232,0.000752175937533517,-0.00017895490336417,-0.000680150349024466,-0.000537326264507976,0,0.00031862657252435,-0.00268327822144765,0.00143703969822151,-0.000498654708520174,-0.00248016051053246,0.000286758907448448,-0.00426355200458595,-0.00248016051053246,0,-0.00248016051053246,0.00248016051053246,0,0.00248016051053246,0,0.00248016051053246,-0.00248016051053246,-0.00426355200458595,0.00248016051053246,0.00248016051053246,0.00248016051053246,-0.00248016051053246,0.00248016051053246,0
-0.00248016051053246,0.00352619458837067,-0.000717102904266742,0.00148905633297458,-0.00291994339250845,0.00100610851598981,0.0006820302965036,-0.00063995408401174,-0.00047237605153938,0.00129282482223658,-0.000430385194749361,-0.000322927879440216,-0.00089731165428375,0.00120311826411834,9.00626455668796e-05,0.0028065630397236,-0.00064539261383989,9.00626455668796e-05,9.00626455668796e-05,9.00626455668796e-05,9.00626455668796e-05,9.00626455668796e-05,9.00626455668796e-05,9.00626455668796e-05,9.00626455668796e-05,9.00626455668796e-05,-0.00064539261383989,9.00626455668796e-05,-9.00626455668796e-05,9.00626455668796e-05,-9.00626455668796e-05,-9.00626455668796e-05,-9.00626455668796e-05
9.00626455668796e-05,-0.00810849598163044,0.000108514794183723,-0.00133820391334227,0.0003371722439518,-0.000699097906652568,0.00119556553872924,-0.000217477836077506,0.000935611471863496,-0.000156934554674804,-0.000976474204806399,0.00383731243325425,-0.000215654808056409,-0.000379461193961039,0.000252589037635698,-0.00800086107921938,0.00267669825652894,-0.000252589037635698,-0.000252589037635698,-0.000252589037635698,-0.000252589037635698,-0.000252589037635698,-0.000252589037635698,-0.000252589037635698,-0.000252589037635698,0.000252589037635698,0.00267669825652894,-0.000252589037635698,-0.000252589037635698,-0.000252589037635698,-0.000252589037635698,0.000252589037635698,0
0.000252589037635698,-0.00681818181818172,0.000762776506483487,0.00012703252032531,0.00216254468254973,0.000612346365700844,-0.000940938042848893,-0.000470912120553502,0.000906026890878042,0.000760373669346004,-7.23615181446036e-05,0.000434200528277362,-0.00101269485334021,0.000434452047355371,0.00086852676148097,-0.0060606060606061,0.00457665903890159,-0.00086852676148097,0,-0.00086852676148097,0.00086852676148097,0,-0.00086852676148097,-0.00086852676148097,0,0.00086852676148097,0.00457665903890159,-0.00086852676148097,-0.00086852676148097,-0.00086852676148097,-0.00086852676148097,0.00086852676148097,0
0.00086852676148097,-0.00907546010051696,0.000291906881704662,-0.00167797475742315,0.0028865828705058,0.00127518490181067,0.00083691143293807,-0.000836211597891379,-0.000310021104723002,-0.000436056881035762,0.00154762121515573,0.00083624200116339,0.00127147891161417,-0.00193491038386184,0.00153878758951254,-0.00878620240807026,0.00529081223089833,-0.00153878758951254,-0.00153878758951254,-0.00153878758951254,-0.00153878758951254,-0.00153878758951254,-0.00153878758951254,-0.00153878758951254,-0.00153878758951254,0.00153878758951254,0.00529081223089833,-0.00153878758951254,0.00153878758951254,-0.00153878758951254,-0.00153878758951254,0.00153878758951254,0
0.00153878758951254,0.00308518747050934,-0.000180923433203084,-0.00202670913104852,0.000834088848594705,0.000398579607217675,0.00076062153645573,3.61925443357336e-05,0.000977163331041142,-0.000940053510738226,0.000940938042848893,-0.000361559042591497,-0.00163917824074089,0.000989758965433962,-0.00115816141874769,0.00290370585459687,-0.00137501809234331,-0.00115816141874769,-0.00115816141874769,-0.00115816141874769,-0.00115816141874769,-0.00115816141874769,0.00115816141874769,0,0,-0.00115816141874769,-0.00137501809234331,0.00115816141874769,0.00115816141874769,0.00115816141874769,-0.00115816141874769,-0.00115816141874769,-0.00115816141874769
-0.00115816141874769,-0.000326110587723916,-0.0013229910471565,-0.00425079393884398,0.00100672926709966,0.000527983104540608,0.00100081885178804,-0.00167242319578276,-0.00112895589788409,0.00178649555199062,0.000436728900534922,-0.000618429189857661,-0.00123762376237635,-0.000218674830527066,-0.000328083989501238,-0.00164867019349246,-0.00601689078980738,0.000328083989501238,0.000328083989501238,0.000328083989501238,0.000328083989501238,0.000328083989501238,-0.000328083989501238,0,0,-0.000328083989501238,-0.00601689078980738,0.000328083989501238,0.000328083989501238,-0.000328083989501238,-0.000328083989501238,-0.000328083989501238,-0.000328083989501238
-0.000328083989501238,0.00539692958465499,-0.00192230967320728,-0.000944836107275249,0.00105485232067504,0.000254351222702676,0.000139857599535054,0.000114412943554631,0,0.000544761213001621,0.000171687840290424,-0.00100636079540617,0.000762887346968499,-0.000580804414113678,-0.00221560366119433,0.00346424534150169,-0.00362699938341016,-0.00221560366119433,0,-0.00221560366119433,0.00221560366119433,0,-0.00221560366119433,-0.00221560366119433,0,-0.00221560366119433,-0.00362699938341016,0.00221560366119433,0.00221560366119433,0.00221560366119433,-0.00221560366119433,-0.00221560366119433,-0.00221560366119433
-0.00221560366119433,-0.00473226311382902,-0.00504736476354217,-0.00132338345035454,-0.00042183531490414,-0.00373920017793794,0.00031418644193093,-0.000868360277136326,0.00153482007470696,-0.00175402965233296,0.00147967299226881,-0.000960366416725145,-0.00329056827004859,0.00104792640403595,0.0042521654546297,-0.00975574241927857,-0.00877802567572528,-0.0042521654546297,0,-0.0042521654546297,0.0042521654546297,0,0.0042521654546297,0,0.0042521654546297,0.0042521654546297,-0.00877802567572528,-0.0042521654546297,-0.0042521654546297,-0.0042521654546297,-0.0042521654546297,0.0042521654546297,0
0.0042521654546297,0.00265672853400245,-0.000736024730431106,-0.000736566861856858,-0.000110566468875417,0.000516033910799907,0.000884173297966528,0.000736160188457013,0.000551713991466807,0.00147042605594994,-0.000275300077083984,-0.000679627691799412,0.000252048444739916,-0.00153725501719992,-0.000993304392612693,0.00191874838566841,-0.000662422257387885,-0.000993304392612693,0,-0.000993304392612693,0.000993304392612693,0,0.000993304392612693,0,0.000993304392612693,-0.000993304392612693,-0.000662422257387885,0.000993304392612693,0.000993304392612693,0.000993304392612693,-0.000993304392612693,0.000993304392612693,0
-0.000993304392612693,0.00276192229791938,0.00363569592361368,-0.000182955834461596,0.000402576489533013,-0.00391439546369143,0.00190575877772892,-0.000509166275963646,-0.00326047091615933,-0.00283657932597681,-0.000480073623588928,-0.00143980507254393,-0.0012939958592133,0.00122163402806041,-0.00439991126229389,0.00640765973117285,-0.0111274329783329,-0.00439991126229389,-0.00439991126229389,-0.00439991126229389,-0.00439991126229389,-0.00439991126229389,-0.00439991126229389,-0.00439991126229389,-0.00439991126229389,-0.00439991126229389,-0.0111274329783329,-0.00439991126229389,0.00439991126229389,-0.00439991126229389,-0.00439991126229389,0.00439991126229389,0
-0.00439991126229389,0.000519924239611003,0.000111354441186151,-0.00115053444180524,0.00297254115111656,0.0011484458933797,-0.000407045589105981,-0.00259134490800716,0.00193000037115376,0.000889053528431161,0.000814241829823592,0.00181206316334448,0.00180878552971575,-0.000184236707321594,-0.00143731112257683,0.00063133657667036,0.00571619464756301,-0.00143731112257683,0,-0.00143731112257683,0.00143731112257683,0,-0.00143731112257683,-0.00143731112257683,0,-0.00143731112257683,0.00571619464756301,0.00143731112257683,-0.00143731112257683,0.00143731112257683,-0.00143731112257683,-0.00143731112257683,-0.00143731112257683
-0.00143731112257683,0.00527772651780767,0.00137675306557017,5.49944089016652e-05,0.00232613557209382,2.01167135143177e-05,-0.00175560513514506,0.00091598578390073,-0.00124460062962162,0.000733030347456642,-0.000292997363023906,-0.000293083235638814,0.000366461448255695,-0.00179500329694482,-0.00477081727769835,0.00666174570954059,-0.00436889639474258,-0.00477081727769835,0,-0.00477081727769835,0.00477081727769835,0,-0.00477081727769835,-0.00477081727769835,0,-0.00477081727769835,-0.00436889639474258,0.00477081727769835,0.00477081727769835,0.00477081727769835,-0.00477081727769835,-0.00477081727769835,-0.00477081727769835
-0.00477081727769835,-0.00634241675577996,0.00221731547110982,0.000749812546863238,0.000962000962000831,-0.000591431634199391,-0.000721233864703907,-0.000610715277135299,0.000444427984148676,-0.00185133084070621,0.00341245536937862,0.00251339863241551,-0.00165910850569639,0.00203116921486091,0.00224818486713607,-0.00413916442346696,0.00916614094333301,-0.00224818486713607,0,-0.00224818486713607,0.00224818486713607,0,0.00224818486713607,0,0.00224818486713607,0.00224818486713607,0.00916614094333301,-0.00224818486713607,-0.00224818486713607,0.00224818486713607,-0.00224818486713607,0.00224818486713607,0
0.00224818486713607,0.00176509524159751,-0.0024227296086925,-0.000257580217839282,-0.00206117266001693,0.00239737395345396,0.00125101184781817,0.00165368219902984,0.000220126939868726,0.000366797491105242,-0.00062332710006241,-0.000513648371000874,0.000486381322957197,0.000431109602737179,0.0015403234679281,0.00540140584535687,0.00245943763306644,0.0015403234679281,0.0015403234679281,0.0015403234679281,0.0015403234679281,0.0015403234679281,-0.0015403234679281,0,0,0.0015403234679281,0.00245943763306644,-0.0015403234679281,-0.0015403234679281,0.0015403234679281,-0.0015403234679281,-0.0015403234679281,-0.0015403234679281
0.0015403234679281,-0.00047603354205572,0.00274765533411481,0.00102298052683514,0.0013686630898937,0.00236910684671865,0.00114539206952347,0.00101696146442465,-0.000907078843293108,0.000726321905868632,-0.000217738423573866,-7.25952813066533e-05,0.00018150137941042,0.000816607991870333,-0.00139616688727306,0.0022703138159581,0.00882913247362249,-0.00139616688727306,-0.00139616688727306,0.00139616688727306,-0.00139616688727306,0,0.00139616688727306,0.00139616688727306,0,-0.00139616688727306,0.00882913247362249,0.00139616688727306,0.00139616688727306,0.00139616688727306,-0.00139616688727306,0.00139616688727306,0
-0.00139616688727306,0.00450303228383642,0.000903799573406694,-0.000325074044643658,0.00175235755320302,0.00019837333862327,0.000685153798997584,0.000252252252252338,-0.000252188637100526,-0.000522522522522495,0.000540823132808121,0.000126123853624316,0.000720616848021827,-0.000324044069993645,0.000864397622906576,0.00541090169590008,0.00462745381584173,0.000864397622906576,0,0.000864397622906576,-0.000864397622906576,0,0.000864397622906576,0.000864397622906576,0,0.000864397622906576,0.00462745381584173,-0.000864397622906576,0.000864397622906576,0.000864397622906576,0.000864397622906576,0.000864397622906576,0.000864397622906576
0.000864397622906576,0.00222714023534487,0.000147571585683792,0.000198528091904571,0.00102187575038948,-0.00132668794148227,0.00129254631624298,-0.00025100401606426,-0.000681467666152624,-0.000646041203072323,-0.000203993679069092,0.000796743481646933,0.000574289765079561,-0.000233171309167224,0.000430570505920436,0.00237504048364467,0.00111701995878777,0.000430570505920436,0,0.000430570505920436,-0.000430570505920436,0,-0.000430570505920436,0,-0.000430570505920436,0.000430570505920436,0.00111701995878777,-0.000430570505920436,0.000430570505920436,-0.000430570505920436,0.000430570505920436,-0.000430570505920436,0
0.000430570505920436,-0.00620471989096916,0.000793965859468226,0.00212758284951842,-0.000611730838430913,-0.00183631584632549,-0.00111824543683714,0.000758369145209548,-0.000396939953810627,0.00115519295332289,-0.00165867378213669,0.000939068877090277,0.00010825244470114,-0.000920046182710577,1.8056734259142e-05,-0.00541568036726203,-0.00064960843047368,-1.8056734259142e-05,-1.8056734259142e-05,-1.8056734259142e-05,-1.8056734259142e-05,-1.8056734259142e-05,-1.8056734259142e-05,-1.8056734259142e-05,-1.8056734259142e-05,1.8056734259142e-05,-0.00064960843047368,-1.8056734259142e-05,1.8056734259142e-05,-1.8056734259142e-05,-1.8056734259142e-05,-1.8056734259142e-05,-1.8056734259142e-05
1.8056734259142e-05,0.00509190711783591,-0.000538947973555581,0.0017615127440056,-0.00120218187037979,0.000556902901284628,0.00147227808101102,0.000430277170210491,0.000609297157807998,0.00035819184755348,-0.00128902893153804,0.00037465940054493,-0.000231162496483361,0.00046601663320911,0.000752445447705252,0.00455021487125773,0.00352112676056349,0.000752445447705252,0.000752445447705252,0.000752445447705252,0.000752445447705252,0.000752445447705252,-0.000752445447705252,0,0,0.000752445447705252,0.00352112676056349,-0.000752445447705252,-0.000752445447705252,0.000752445447705252,0.000752445447705252,-0.000752445447705252,0
0.000752445447705252,-0.000572860723236701,-0.00118220247904277,0.00136293533230525,0.00161180558042906,0.000500643684737456,-0.000500393166058988,0.000532827921613466,0.000289503876135244,-0.000500232250687738,-0.00021449254638406,-0.000500589981049293,0.000107323006475202,0,3.57704964943917e-05,-0.00175438596491229,0.00154044565451028,-3.57704964943917e-05,0,-3.57704964943917e-05,-3.57704964943917e-05,0,-3.57704964943917e-05,-3.57704964943917e-05,0,3.57704964943917e-05,0.00154044565451028,-3.57704964943917e-05,-3.57704964943917e-05,-3.57704964943917e-05,3.57704964943917e-05,3.57704964943917e-05,3.57704964943917e-05
3.57704964943917e-05,-0.000107307651035393,-0.000429276668813094,-0.000572614701882523,-0.00136073909618273,0.0013267355134825,-0.000125335720680519,0.00119979227477041,0,-0.00042926131282417,-3.57871381024832e-05,-0.00035788418867666,-0.00121724187312033,0.00066312997347473,0.000662690523525411,-0.000536538255177521,-0.00067968805895402,-0.000662690523525411,0,-0.000662690523525411,0.000662690523525411,0,-0.000662690523525411,-0.000662690523525411,0,0.000662690523525411,-0.00067968805895402,-0.000662690523525411,-0.000662690523525411,0.000662690523525411,-0.000662690523525411,-0.000662690523525411,-0.000662690523525411
0.000662690523525411,-0.00275639878288902,0.00111278627324296,0.00118326221807896,0.00179070267172832,0.00048798798798777,0.00115594956701037,0.00149903633378545,-0.000309337134711485,2.42412834761119e-05,0.000106944246399676,7.12885403670871e-05,-0.000748476316070779,0.00135540019974312,-0.000854883522120153,-0.00164667979237532,0.00689209562782689,0.000854883522120153,0,0.000854883522120153,-0.000854883522120153,0,0.000854883522120153,0.000854883522120153,0,-0.000854883522120153,0.00689209562782689,0.000854883522120153,0.000854883522120153,0.000854883522120153,0.000854883522120153,-0.000854883522120153,0
-0.000854883522120153,0.000249554367201421,-0.00057026766938717,-0.000133019507150278,0.000204370824976818,0.00103412616339194,0.00117554858934166,-1.77904287492758e-05,-0.000302086854418349,1.74401988040085e-05,-0.00051607851511748,0.000605369987892734,3.55884551050956e-05,0.000284697508896814,-0.000106731179735253,-0.000320855614973192,0.00171080300816207,0.000106731179735253,0,-0.000106731179735253,-0.000106731179735253,-0.000106731179735253,-0.000106731179735253,-0.000106731179735253,-0.000106731179735253,-0.000106731179735253,0.00171080300816207,-0.000106731179735253,-0.000106731179735253,-0.000106731179735253,-0.000106731179735253,-0.000106731179735253,-0.000106731179735253
-0.000106731179735253,-0.00252624088240538,-0.00199757437397452,0.000411037243548629,0.000410868361349737,0.00082604192707425,0.000744715357800407,-0.000855767516491412,-0.000428250240890771,0.000785461815844934,0.00085619492704514,0.000160399215826112,-0.00117607227498717,-0.000588728524788862,-0.000321313816494251,-0.00451876890233072,-0.0011771420418063,0.000321313816494251,0.000321313816494251,0.000321313816494251,0.000321313816494251,0.000321313816494251,-0.000321313816494251,0,0,-0.000321313816494251,-0.0011771420418063,0.000321313816494251,0.000321313816494251,0.000321313816494251,0.000321313816494251,-0.000321313816494251,0
-0.000321313816494251,-0.000607121174243885,0.000714694110920622,0.000178545922010942,3.57028098112444e-05,0.000999642984648164,-0.000713317640345212,-0.000249839388964168,3.57002606119483e-05,-0.000928173639868635,0.000821839491174092,-0.000678710414509509,-3.53697875562498e-05,-0.000946800528779157,0.000411265087170376,0.000107139030748993,-0.000357347055460089,0.000411265087170376,0,-0.000411265087170376,-0.000411265087170376,-0.000411265087170376,0.000411265087170376,0,0,0.000411265087170376,-0.000357347055460089,-0.000411265087170376,-0.000411265087170376,-0.000411265087170376,0.000411265087170376,0.000411265087170376,0.000411265087170376
0.000411265087170376,-0.00057195967684287,-0.000286143500965674,-0.000787119856887397,0.000859352621025433,0.000679736691471033,0.000929534160380552,0.000714362253098511,0,-0.000481850305171783,0.000446729873051499,0.000374428764124524,5.35207749807753e-05,-0.000142714428428614,0,-0.00085793951526425,0.00236068388296751,0,0,0,0,0,0,0,0,0,0.00236068388296751,0,0,0,0,0,0
0,0.00563802455038531,0.000745156482861331,0.00138283161365838,-0.000601940372494947,-0.000908060230292329,-0.000509585852449757,0.000585417775412322,-0.00170203712568462,-0.00110110643436878,-0.000337807805138368,-0.00078255611283029,0.000735466875511737,0.000261101621177762,0.0013513994096519,0.00638738224379098,-0.000887091051025468,0.0013513994096519,0.0013513994096519,0.0013513994096519,0.0013513994096519,0.0013513994096519,-0.0013513994096519,0,0,0.0013513994096519,-0.000887091051025468,-0.0013513994096519,-0.0013513994096519,0.0013513994096519,0.0013513994096519,-0.0013513994096519,0
0.0013513994096519,-0.000497212060943997,0.00159897665494069,-0.000851426138782529,-0.000230791080812365,0.000976649205362889,0.00120631541600136,-0.000106311350508426,0.000968244967394227,-0.00107352818294737,0.00140006380037572,0.00046013627112651,0.000442235233765631,-0.000212179079142616,0.00498726655348025,0.00110096956351891,0.00959385992964501,0.00498726655348025,0,-0.00498726655348025,-0.00498726655348025,-0.00498726655348025,-0.00498726655348025,-0.00498726655348025,-0.00498726655348025,0.00498726655348025,0.00959385992964501,-0.00498726655348025,0.00498726655348025,-0.00498726655348025,-0.00498726655348025,-0.00498726655348025,-0.00498726655348025
0.00498726655348025,-0.00267483194312457,0.000176447753820197,-0.000176416625502829,0.0016060274552705,-0.000194133640752825,0.000493357296402097,-0.00139128597090643,-0.000899423310935954,0.00105909764880319,-0.000564254478770065,0.000423429781228002,-0.000493792325056419,-0.000282306443644575,-3.52982703847315e-05,-0.00249885615739265,-0.000282316406112093,3.52982703847315e-05,3.52982703847315e-05,3.52982703847315e-05,3.52982703847315e-05,3.52982703847315e-05,3.52982703847315e-05,3.52982703847315e-05,3.52982703847315e-05,-3.52982703847315e-05,-0.000282316406112093,3.52982703847315e-05,3.52982703847315e-05,3.52982703847315e-05,-3.52982703847315e-05,3.52982703847315e-05,0
-3.52982703847315e-05,0.00158847823784813,-0.00238633960668211,-0.000257539931937445,-0.00063606487861767,-0.000477352285986998,-0.000583709206686156,-0.00152207001522076,-0.00443136698808844,0.000712174625218109,0.00163683592499031,-0.0019183629969094,-0.000320341697810922,0.000961333048493884,0.00117383416924555,-0.000801652017367371,-0.00803552548107433,-0.00117383416924555,0,0.00117383416924555,0.00117383416924555,0.00117383416924555,0.00117383416924555,0.00117383416924555,0.00117383416924555,0.00117383416924555,-0.00803552548107433,0.00117383416924555,-0.00117383416924555,0.00117383416924555,0.00117383416924555,-0.00117383416924555,0
0.00117383416924555,0.00035529027215242,-0.0022375337405881,0.00081870928701111,-0.00199174847062167,-0.000570206699928799,5.34873769790778e-05,-0.00194327075644918,-0.000589117930763661,0.00132227517121852,0.00128482944504937,-0.000712719747827717,-0.000588707519400433,-0.0013387597729464,0.000554095840706204,-0.00188303844240734,-0.00593124023298774,-0.000554095840706204,-0.000554095840706204,0.000554095840706204,-0.000554095840706204,0,-0.000554095840706204,0,-0.000554095840706204,0.000554095840706204,-0.00593124023298774,-0.000554095840706204,-0.000554095840706204,0.000554095840706204,-0.000554095840706204,-0.000554095840706204,-0.000554095840706204
0.000554095840706204,0.00414448533352396,-0.00138765344244796,-0.000534454500107029,0.000962532530034421,0.00117529738585387,0.00174308989363592,0.00138494318181803,-0.00081527713748708,-0.000532722695654964,0.000355101026241922,-0.00056795995882275,0.000106553010122523,-0.00081681937637601,-0.000462057934956461,0.00275108078173592,0.000604874577477377,-0.000462057934956461,0,-0.000462057934956461,0.000462057934956461,0,0.000462057934956461,0,0.000462057934956461,-0.000462057934956461,0.000604874577477377,0.000462057934956461,0.000462057934956461,0.000462057934956461,-0.000462057934956461,0.000462057934956461,0
