"date","r_daily"
2007-08-01,0.00894577484172876
2007-08-02,0.00265486725663711
2007-08-03,-0.025759532386325
2007-08-06,0.0180342651036971
2007-08-07,0.012478573877271
2007-08-08,0.00672766415500536
2007-08-09,-0.0116657623440043
2007-08-10,0.011115742670557
2007-08-13,-0.00730026608446477
2007-08-14,-0.0194381482244661
2007-08-15,-0.0123370250946305
2007-08-16,0.0154761051801964
2007-08-17,-0.00316804407713489
2007-08-20,-0.00303051174323299
2007-08-21,0.00318405205232919
2007-08-22,0.00348956551488189
2007-08-23,-0.00630508474576275
2007-08-24,0.0109860116001363
2007-08-27,-0.00602124348826205
2007-08-28,-0.0173062452972159
2007-08-29,0.0152238599404886
2007-08-30,0.00467482469407376
2007-08-31,-0.00121909922113106
2007-09-04,0.0113859708573363
2007-09-05,-0.00364618501012826
2007-09-06,0.000742440604751815
2007-09-07,-0.00457306668486779
2007-09-10,-0.00682547266398204
2007-09-11,0.00943525229044173
2007-09-12,0.00237626451218675
2007-09-13,0.00202006598882232
2007-09-14,0.00703272923992415
2007-09-17,-0.00101159967628817
2007-09-18,0.0239183015318463
2007-09-19,-0.000651593145240104
2007-09-20,-0.00535422788116224
2007-09-21,-0.00268535499083045
2007-09-24,-0.00525106662290764
2007-09-25,0.00570405253034423
2007-09-26,0.00138012618296535
2007-09-27,0.000523320468371669
2007-09-28,-0.00287750964619704
2007-10-01,0.0120513492271417
2007-10-02,-0.00116421964944058
2007-10-03,-0.000195020477150143
2007-10-04,0.000649097754121808
2007-10-05,0.0038062060512225
2007-10-08,-0.000901306894997789
2007-10-09,0.00475364553221569
2007-10-10,0
2007-10-11,-0.0103211009174312
2007-10-12,0.00321440051430399
2007-10-15,-0.00889770836000503
2007-10-16,-0.00433853525869332
2007-10-17,-0.00632217276304747
2007-10-18,0.00247653806047965
2007-10-19,-0.0201241424371121
2007-10-22,0.0118935626931864
2007-10-23,0.00363276089828268
2007-10-24,0.00218210672485619
2007-10-25,-0.00237357420716022
2007-10-26,0.0015011095157289
2007-10-29,0.000909918107370178
2007-10-30,-0.00306129095290819
2007-10-31,0.00643651258045641
2007-11-01,-0.0161816520944799
2007-11-02,-0.00250825082508244
2007-11-05,0.00528781793842037
2007-11-06,0.00748542660307372
2007-11-07,-0.0193368330121603
2007-11-08,-0.00317567567567567
2007-11-09,-0.00219795315612337
2007-11-12,-0.00751309622277363
2007-11-13,0.0202395704254441
2007-11-14,-0.0138767848763156
2007-11-15,-0.00886464370951257
2007-11-16,-0.000957723354768181
2007-11-19,-0.0117728055077453
2007-11-20,0.00375887512181539
2007-11-21,-0.00901467505241083
2007-11-23,0.00594073245736637
2007-11-26,-0.0241874003742462
2007-11-27,0.00931085561120115
2007-11-28,0.0205142421512232
2007-11-29,0.00539322774440221
2007-11-30,-0.00389209502080268
2007-12-03,-0.00458746542535238
2007-12-04,-0.000954328561690421
2007-12-05,0.00635478637101161
2007-12-06,0.0166173304628634
2007-12-07,-0.00435931307793924
2007-12-10,0.00562243683026842
2007-12-11,-0.0259561046129585
2007-12-12,-0.0144697720515362
2007-12-13,0.00721802482460876
2007-12-14,-0.00520446096654259
2007-12-17,-0.0110436975935647
2007-12-18,-0.00150643659271432
2007-12-19,-0.00239775296293754
2007-12-20,-0.00163521155549506
2007-12-21,0.00693076034517914
2007-12-26,0.00450299079239214
2007-12-27,-0.00986643398885834
2007-12-28,-0.00693229236774806
2007-12-31,-0.0042165397170838
2008-01-02,-0.0142525913802508
2008-01-03,-0.00406756290934163
2008-01-04,-0.0168131714803962
2008-01-07,-0.00190503069216097
2008-01-08,-0.0235649971862689
2008-01-09,0.0128057553956835
2008-01-10,0.0168519182502691
2008-01-11,-0.0046918319471102
2008-01-14,0.0018413597733713
2008-01-15,-0.0123854524627722
2008-01-16,-0.00145613396432465
2008-01-17,-0.031477173596976
2008-01-18,-0.0117848884910866
2008-01-22,0.0343412015473277
2008-01-23,0.0519654088050314
2008-01-24,0.00364285183257751
2008-01-25,-0.0252162439524997
2008-01-28,0.0150776385867526
2008-01-29,-0.00146767446980267
2008-01-30,-0.00169629028689422
2008-01-31,0.0297690461907618
2008-02-01,0.0114600710814534
2008-02-04,-0.00826446280991744
2008-02-05,-0.0164778578784759
2008-02-06,-0.0141138018125093
2008-02-07,0.0120281413117482
2008-02-08,-0.00172478440194967
2008-02-11,0.00638809559597164
2008-02-12,0.00118711975070473
2008-02-13,0.00381819516851456
2008-02-14,-0.01416575392479
2008-02-15,0.00349208707927784
2008-02-19,-0.0121433796634967
2008-02-20,0.015140214797136
2008-02-21,-0.01681532387776
2008-02-22,0.00556008599599678
2008-02-25,0.0131336235519812
2008-02-26,0.010960906101571
2008-02-27,0.00407095085780762
2008-02-28,-0.0024031459364986
2008-02-29,-0.0168978748524204
2008-03-03,0.00180220770443795
2008-03-04,0.00423088546388617
2008-03-05,0.00224887556221876
2008-03-06,-0.017425266636623
2008-03-07,-0.00038532675708991
2008-03-10,-0.0147183478461895
2008-03-11,0.0133180252583236
2008-03-12,-0.0109219644471226
2008-03-13,0.0165677737535639
2008-03-14,-0.0230536659108088
2008-03-17,0.00923222599226703
2008-03-18,0.0217657878602084
2008-03-19,-0.0283243887895049
2008-03-20,0.0209999999999999
2008-03-24,0.0108002700067502
2008-03-25,0.00215197387948951
2008-03-26,-0.00349962769918089
2008-03-27,-0.0134813049307314
2008-03-28,-0.0110634454730187
2008-03-31,0.00541034824354192
2008-04-01,0.0234906860178052
2008-04-02,-0.00240911081909756
2008-04-03,0.00595675834681564
2008-04-04,0.000730620296631734
2008-04-07,-0.00666811625715724
2008-04-08,0.00176185582146537
2008-04-09,-0.00914812646370022
2008-04-10,0.00332127832312334
2008-04-11,-0.00840711256602933
2008-04-14,-0.00217881292261457
2008-04-15,-0.000748502994011968
2008-04-16,0.0117349970291147
2008-04-17,0.00308687343818903
2008-04-18,0.000576161325171132
2008-04-21,0.0039785879629628
2008-04-22,-0.0035460992907802
2008-04-23,-0.000507099391480637
2008-04-24,0.00448852530225152
2008-04-25,0.00222301900322708
2008-04-28,-0.00171600171600184
2008-04-29,-0.00243884943691275
2008-04-30,-0.0068871511586196
2008-05-01,0.0180583646344987
2008-05-02,-0.00583808117042961
2008-05-05,-0.00233976176971062
2008-05-06,0.012853470437018
2008-05-07,-0.0179792709581894
2008-05-08,0.000286123032904095
2008-05-09,0.00281507145950632
2008-05-12,0.00876122082585273
2008-05-13,-0.00305332670595759
2008-05-14,-0.000921397689418124
2008-05-15,0.011208058452153
2008-05-16,-0.000770523956290181
2008-05-19,0.000911002102312652
2008-05-20,-0.00435821734851682
2008-05-21,-0.0179767359887204
2008-05-22,0.0015788718243146
2008-05-23,-0.00870002876042575
2008-05-27,0.00623730780388754
2008-05-28,0.00143709132715397
2008-05-29,0.00654111558366877
2008-05-30,-0.00234975790373104
2008-06-02,-0.0070805321127162
2008-06-03,-0.00875996266245427
2008-06-04,0.00137830975698217
2008-06-05,0.0150115473441108
2008-06-06,-0.0234856079049119
2008-06-09,-0.00248229539315181
2008-06-10,0.00331638293168246
2008-06-11,-0.0138398115429917
2008-06-12,-0.00259663179761105
2008-06-13,0.00954777588631472
2008-06-16,0.00671438057994544
2008-06-17,-0.0112375948628137
2008-06-18,-0.00245061636714672
2008-06-19,0.00275400074432453
2008-06-20,-0.0110476476777394
2008-06-23,-0.00318061340401377
2008-06-24,7.62020879374603e-05
2008-06-25,0.001669449081803
2008-06-26,-0.0173219897294397
2008-06-27,-0.00444028978733357
2008-06-30,-7.82166601485113e-05
2008-07-01,0.0142213794738091
2008-07-02,-0.0225616374631725
2008-07-07,-0.0134858044164038
2008-07-08,0.0172620474706306
2008-07-09,-0.023921568627451
2008-07-10,0.0065023681464238
2008-07-11,0.00153436162480824
2008-07-14,-0.0206522605852804
2008-07-15,-0.00254599211563733
2008-07-16,0.0230971560085484
2008-07-17,0.00736058884710777
2008-07-18,-0.00182322631787557
2008-07-21,-0.00347991142043658
2008-07-22,0.0205402813299231
2008-07-23,0.00242357907903989
2008-07-24,-0.0221407967568411
2008-07-25,-0.00127115277667444
2008-07-28,-0.0151430620865546
2008-07-29,0.0178139609866192
2008-07-30,0.0110192837465564
2008-07-31,-0.003770028275212
2008-08-01,-0.00825731362063542
2008-08-04,-0.00849341165264339
2008-08-05,0.019206349206349
2008-08-06,0.00835806905171066
2008-08-07,-0.00859509298327865
2008-08-08,0.0228043872800443
2008-08-11,0.010128343899799
2008-08-12,-0.00798219356819396
2008-08-13,0.00124358775066069
2008-08-14,0.0136150234741783
2008-08-15,0.000692520775623207
2008-08-18,-0.0160349854227405
2008-08-19,-0.0027478998194238
2008-08-20,0.00329955220362943
2008-08-21,0.0106601389766265
2008-08-22,0.00699735655419076
2008-08-25,-0.0120500660810076
2008-08-26,0.00275395389094335
2008-08-27,0.00768748038908074
2008-08-28,0.00843587957588432
2008-08-29,-0.00771069473359554
2008-09-02,-0.0152225724609825
2008-09-03,0.00101697567081271
2008-09-04,-0.0209878491399715
2008-09-05,0.0116062007953901
2008-09-08,-0.00593703616904917
2008-09-09,-0.032425625688651
2008-09-10,-0.00209914419505897
2008-09-11,0.0275071633237822
2008-09-12,0.0118281300289669
2008-09-15,-0.0137682347156203
2008-09-16,0.0387795107815563
2008-09-17,-0.0267782426778242
2008-09-18,0.0223823654090716
2008-09-19,-0.0145795570966979
2008-09-22,-0.0319473430727244
2008-09-23,-0.0174625506910535
2008-09-24,-0.00126061013530543
2008-09-25,0.0131446751507034
2008-09-26,0.0209472533019264
2008-09-29,-0.0538364779874214
2008-09-30,0.0264755035623185
2008-10-01,0.0068576388888888
2008-10-02,-0.0326786024682775
2008-10-03,-0.0267280290291176
2008-10-06,-0.00486936979117902
2008-10-07,-0.0655492087274089
2008-10-08,0.016213983269648
2008-10-09,-0.0773330651649236
2008-10-10,0.0321770880876311
2008-10-13,0.0720663265306123
2008-10-14,-0.0490102778835172
2008-10-15,-0.0702132021320214
2008-10-16,0.0355380059230008
2008-10-17,0.019839549002602
2008-10-20,0.034892275354703
2008-10-21,-0.014752914474363
2008-10-22,-0.0341715022566087
2008-10-23,0.00308471962102019
2008-10-24,0.0316694137037909
2008-10-27,-0.0203186331101363
2008-10-28,0.0731818700764928
2008-10-29,-0.011351467123581
2008-10-30,-0.00572797333888775
2008-10-31,0.0220889870621648
2008-11-03,-0.00175384297946979
2008-11-04,0.0159886662618904
2008-11-05,-0.0380971578310825
2008-11-06,-0.0409437156157426
2008-11-07,0.0158020924149955
2008-11-10,-0.0310957033301816
2008-11-11,-0.00792776921382954
2008-11-12,-0.0294517444494788
2008-11-13,0.0606236235075925
2008-11-14,-0.0199261166461435
2008-11-17,-0.010659251535164
2008-11-18,0.0157907141173699
2008-11-19,-0.0602339858681803
2008-11-20,-0.0533616595851036
2008-11-21,0.0433653596468451
2008-11-24,0.0347179924473138
2008-11-25,-0.0165714285714286
2008-11-26,0.0533538388737727
2008-11-28,0.0150163712317941
2008-12-01,-0.060647671358279
2008-12-02,0.0244721689059502
2008-12-03,0.0492864851900707
2008-12-04,-0.0149704073343392
2008-12-05,0.0512238805970151
2008-12-08,0.00951432680606268
2008-12-09,-0.00699766744418517
2008-12-10,0.000221410384146914
2008-12-11,-0.0172086266621968
2008-12-12,0.0368069393974915
2008-12-15,-0.016190690353047
2008-12-16,0.0393843368039837
2008-12-17,0.00496908127208484
2008-12-18,-0.022585242846179
2008-12-19,-0.00974680708043918
2008-12-22,-0.0174030963950728
2008-12-23,-0.0178098196221469
2008-12-26,-0.000917325994725382
2008-12-29,-0.00378353588626457
2008-12-30,0.016697163769442
2008-12-31,0.0147363923107628
2009-01-02,0.0258192651439921
2009-01-05,0.00356872499188921
2009-01-06,-0.00266837442629952
2009-01-07,-0.013272410791993
2009-01-08,0.00807969009407872
2009-01-09,-0.0232634697684625
2009-01-12,-0.0203805877716473
2009-01-13,0.00368748559575938
2009-01-14,-0.0150630546473611
2009-01-15,0.00511539376635728
2009-01-16,-0.0101339545719277
2009-01-20,-0.0451261399976312
2009-01-21,0.0253882419545337
2009-01-22,0.00607681088964518
2009-01-23,0.0283345706508291
2009-01-26,0.00227517662555377
2009-01-27,0.00594671741198849
2009-01-28,0.0128591288229845
2009-01-29,-0.0173135022077622
2009-01-30,-0.0284337915638585
2009-02-02,0.0122564039710749
2009-02-03,0.00963739308517053
2009-02-04,-0.0112746261571327
2009-02-05,0.0222168558319247
2009-02-06,0.0245051837888783
2009-02-09,0.00228840846366163
2009-02-10,-0.0378102528415681
2009-02-11,0.00215594681997855
2009-02-12,0.0192424796005359
2009-02-13,-0.0105187664355725
2009-02-17,-0.012465719272002
2009-02-18,-0.00803011292346301
2009-02-19,-0.0192934101728889
2009-02-20,0.0058471933471933
2009-02-23,-0.0428772558556252
2009-02-24,0.0304197662061636
2009-02-25,-0.0029839128178516
2009-02-26,-0.0281274081685076
2009-02-27,-0.00269650802211141
2009-03-02,-0.0239247683584567
2009-03-03,-0.0220608768500419
2009-03-04,0.00631313131313127
2009-03-05,-0.0193925566804506
2009-03-06,-0.00735400144196097
2009-03-09,-0.00132042253521136
2009-03-10,0.03957973517559
2009-03-11,-0.00384193194291993
2009-03-12,0.0377954920285872
2009-03-13,0.00316372264698117
2009-03-16,-0.0150473472564534
2009-03-17,0.0298682858206902
2009-03-18,0.0289799072642967
2009-03-19,-0.023275968800297
2009-03-20,-0.02714013950539
2009-03-23,0.0454949803024527
2009-03-24,-0.00640946628867245
2009-03-25,0.00147746860379216
2009-03-26,0.0110624848042791
2009-03-27,-0.00378371780788478
2009-03-30,-0.0105474635861377
2009-03-31,0.000742689543183017
2009-04-01,0.0314409368635438
2009-04-02,0.00475817623321073
2009-04-03,0.0109191264698825
2009-04-06,0.00240067218821283
2009-04-07,-0.00718198417528915
2009-04-08,0.005359317904994
2009-04-09,0.0146606762828092
2009-04-13,0.0102377029889384
2009-04-14,-0.0102136651796196
2009-04-15,0.0168097281831188
2009-04-16,0.00909302867801354
2009-04-17,0.00414889938918983
2009-04-20,-0.0249006312836101
2009-04-21,0.0264269337516592
2009-04-22,0.00427655024946549
2009-04-23,0.00958013010053227
2009-04-24,0.00837773958135757
2009-04-27,0.00210108556087296
2009-04-28,0.00693525332203926
2009-04-29,0.0120370370370368
2009-04-30,-0.0106358904729577
2009-05-01,0.00583858042358343
2009-05-04,0.0274576271186442
2009-05-05,-0.000772797527047842
2009-05-06,0.00589519650655035
2009-05-07,-0.0232258064516129
2009-05-08,0.0104268491365267
2009-05-11,-0.00480192076830732
2009-05-12,-0.00741548527808078
2009-05-13,-0.0105967651979922
2009-05-14,0.00675371454299856
2009-05-15,-0.00660768283122415
2009-05-18,0.0179607318161534
2009-05-19,-0.000658111220796287
2009-05-20,-0.014901022405917
2009-05-21,-0.00246029970923733
2009-05-22,-0.00358061989481939
2009-05-26,0.0322143099355714
2009-05-27,-0.0179588261060007
2009-05-28,0.00586153505861531
2009-05-29,0.0140089744992886
2009-06-01,0.0128246232766913
2009-06-02,0.00487288135593222
2009-06-03,-0.00351138540114915
2009-06-04,0.00607368438973732
2009-06-05,-0.0105714883818296
2009-06-08,0.00522276700063973
2009-06-09,-0.000316789862724431
2009-06-10,-0.0111611821421086
2009-06-11,0.00179495301446519
2009-06-12,0.0075211864406779
2009-06-15,-0.0111809179001171
2009-06-16,-0.0162069335623055
2009-06-17,-0.00163541212385532
2009-06-18,0.00589262330859897
2009-06-19,-0.00508437905668535
2009-06-22,-0.0207350521119034
2009-06-23,-0.000558784085829211
2009-06-24,-0.000554569653948511
2009-06-25,0.0250612608598797
2009-06-26,0.00141843971631195
2009-06-29,0.00705984576952323
2009-06-30,-0.00733469960090594
2009-07-01,-0.00129785853341979
2009-07-02,-0.0131828314467497
2009-07-06,0.0107937935686981
2009-07-07,-0.0176181980374667
2009-07-08,-0.00542434173352913
2009-07-09,-0.00417607223476291
2009-07-10,0.00113843351548271
2009-07-13,0.0204959800702071
2009-07-14,0.00554446662231101
2009-07-15,0.0173315892740353
2009-07-16,0.01301775147929
2009-07-17,0.00138297872340432
2009-07-20,0.00443458980044342
2009-07-21,-0.00302492959215606
2009-07-22,0.00658483906653329
2009-07-23,0.0218642117376295
2009-07-24,0.00998968998898953
2009-07-27,0.00500715307582245
2009-07-28,0.00409584271963959
2009-07-29,0.00357928270475782
2009-07-30,-0.00060747190442445
2009-07-31,0.00243432396794807
2009-08-03,0.00581104097785801
2009-08-04,0.0064833159072144
2009-08-05,-0.0029788501638367
2009-08-06,-0.00922527527031058
2009-08-07,0.00267538644470866
2009-08-10,0.00228333167874495
2009-08-11,-0.0081598409234086
2009-08-12,0.0119489908625363
2009-08-13,0.00444971818451512
2009-08-14,-0.00748842250468018
2009-08-17,-0.00526582278481014
2009-08-18,0.00700507614213186
2009-08-19,0.0171905197843556
2009-08-20,0.0109076353447413
2009-08-21,0.0104064402120558
2009-08-24,-0.00415981425945644
2009-08-25,-0.00169352107224074
2009-08-26,0.00359887170508699
2009-08-27,0.0035894450911913
2009-08-28,-0.00749207568917487
2009-08-31,0.00166161665526343
2009-09-01,-0.0188087774294671
2009-09-02,0.00150466445982556
2009-09-03,0.00258964143426277
2009-09-04,0.0121975406584687
2009-09-08,-0.000388575869438412
2009-09-09,0.00601124684894327
2009-09-10,0.01138886207895
2009-09-11,-0.0014299332697808
2009-09-14,0.0117172493276987
2009-09-15,0.00408395859055943
2009-09-16,0.0116903931366079
2009-09-17,-0.000559649286447028
2009-09-18,-0.00261657788991687
2009-09-21,0.00528850694116545
2009-09-22,0.000560538116591847
2009-09-23,-0.0107206115409713
2009-09-24,-0.0132456552372006
2009-09-25,-0.00352823686401837
2009-09-28,0.0128620426829269
2009-09-29,-0.00469395418700713
2009-09-30,-0.00761278195488724
2009-10-01,-0.0213797035347777
2009-10-02,0.00401409829645583
2009-10-05,0.0110797939547089
2009-10-06,0.00725467735776997
2009-10-07,0.00579903032607665
2009-10-08,0.000844911753661304
2009-10-09,0.005767878077374
2009-10-12,0.000464295663478387
2009-10-13,0.000931098696461685
2009-10-14,0.00598785313333949
2009-10-15,0.00762867647058818
2009-10-16,0.000827205882353077
2009-10-19,0.00696644025812221
2009-10-20,-0.00605178140783547
2009-10-21,-0.00724504768892154
2009-10-22,0.0106304307635421
2009-10-23,-0.0140498129732689
2009-10-26,-0.0134810710987996
2009-10-27,-0.00690556177678237
2009-10-28,-0.0159268683441711
2009-10-29,0.0140737923164702
2009-10-30,-0.0247506117071336
2009-11-02,0.000767165324127239
2009-11-03,0.00925658085044834
2009-11-04,-0.00616172149018857
2009-11-05,0.0112614744014383
2009-11-06,0.0100705399706076
2009-11-09,0.0150995831403427
2009-11-10,0.00256175663311997
2009-11-11,-0.00117903138037379
2009-11-12,-0.0090809926370331
2009-11-13,0.00260642919200693
2009-11-16,0.00751947816633436
2009-11-17,0.00405844155844148
2009-11-18,0.000269662921348335
2009-11-19,-0.00660454175337011
2009-11-20,0.00182949140139055
2009-11-23,0.000812127774769911
2009-11-24,0.000450856627592477
2009-11-25,0.00152877697841736
2009-11-27,0.0100525684773585
2009-11-30,0.00328437186388109
2009-12-01,0.00180099054479976
2009-12-02,-8.98311174990507e-05
2009-12-03,-0.00915208613728125
2009-12-04,-0.00734107524266858
2009-12-07,-0.00126228473537104
2009-12-08,-0.00245655536347922
2009-12-09,0.00300875273522982
2009-12-10,-0.00162410899575915
2009-12-11,-0.000269711408792617
2009-12-14,0.000357653791130064
2009-12-15,-0.0006284790806248
2009-12-16,-0.00286199803237641
2009-12-17,-0.00397830018083178
2009-12-18,0.000908017797148997
2009-12-21,0.00369602451996753
2009-12-22,0.00197309417040348
2009-12-23,0.000268000714668482
2009-12-28,-0.000974745237040331
2009-12-29,-0.00358454662123286
2009-12-30,0.00276193870277974
2009-12-31,-0.0116186252771618
2010-01-04,0.0080953651810336
2010-01-05,0.00264713668049055
2010-01-06,0.00201124641777017
2010-01-07,0.0067883276029268
2010-01-08,0.00650092242818223
2010-01-11,-0.00330119016592823
2010-01-12,-0.00315734081740049
2010-01-13,0.0056140350877194
2010-01-14,0.00401887122138755
2010-01-15,-0.0101027695523428
2010-01-19,0.0120503122526168
2010-01-20,-0.00166549789621318
2010-01-21,-0.0208662107662634
2010-01-22,-0.0179823772702752
2010-01-25,-0.00435453143427378
2010-01-26,0.000824100357110114
2010-01-27,0.00659884520208953
2010-01-28,-0.0147926309102459
2010-01-29,-0.0157595748579805
2010-02-01,0.00664942741041741
2010-02-02,0.0108038820728804
2010-02-03,-9.10166560480485e-05
2010-02-04,-0.022314049586777
2010-02-05,0.00121928343650346
2010-02-08,-0.0071261134552274
2010-02-09,0.00130718954248366
2010-02-10,0.000280452463307546
2010-02-11,0.0118891593334582
2010-02-12,0.0101935845880481
2010-02-16,0.00864050004596018
2010-02-17,0.000726084588854592
2010-02-18,0.00753654771633516
2010-02-19,0.0055163682401882
2010-02-22,-0.00322898914700864
2010-02-23,-0.00902608538676775
2010-02-24,0.00535244488796138
2010-02-25,0.0145711143695013
2010-02-26,0.00045167118337841
2010-03-01,0.00561696773613729
2010-03-02,-0.00142437461052258
2010-03-03,-0.001067615658363
2010-03-04,0.00186766275346861
2010-03-05,0.00856209727248647
2010-03-08,-0.000174993437746185
2010-03-09,0.00456420609145969
2010-03-10,0.00436757512229202
2010-03-11,0.00671375010898934
2010-03-12,-0.00293635028931694
2010-03-15,0.00199531534657771
2010-03-16,0.00554296815276722
2010-03-17,0.00248352237267557
2010-03-18,0
2010-03-19,-0.00812590881874953
2010-03-22,0.0111014744145708
2010-03-23,0.00550191603690786
2010-03-24,-0.00179441168931049
2010-03-25,-0.00816326530612244
2010-03-26,-0.00265047879616953
2010-03-29,0.00119453924914681
2010-03-30,-0.000936329588014928
2010-03-31,0
2010-04-01,8.48896434635371e-05
2010-04-05,0.00397346291392364
2010-04-06,0.00557667934093797
2010-04-07,-0.00302763612782608
2010-04-08,0.0077216801018245
2010-04-09,0.00420026881720426
2010-04-12,0.000334112930170383
2010-04-13,0.00150388503634402
2010-04-14,0.00739940139674089
2010-04-15,0.00256198347107439
2010-04-16,-0.0127377998345741
2010-04-19,0.00697361787934803
2010-04-20,0.0027376804380288
2010-04-21,-0.00289256198347099
2010-04-22,0.010776042101746
2010-04-23,0.00811123986095019
2010-04-26,-0.00402199786587865
2010-04-27,-0.0177401972975213
2010-04-28,0.00167883824393522
2010-04-29,0.00591026388079596
2010-04-30,-0.0161450571286638
2010-05-03,0.00778587626475491
2010-05-04,-0.0107716906505091
2010-05-05,0.00244540735338283
2010-05-06,-0.0303238553388884
2010-05-07,-0.012597586941093
2010-05-10,0.00371554480255765
2010-05-11,0.0077431703497477
2010-05-12,0.00876062870394234
2010-05-13,-0.0099854911666809
2010-05-14,-0.0106835750890297
2010-05-17,-0.00288764438221911
2010-05-18,-0.0218412808910546
2010-05-19,-0.000178874877023505
2010-05-20,-0.0160307438923964
2010-05-21,0.0306064613640658
2010-05-24,-0.00828484625299208
2010-05-25,0.0260540591986296
2010-05-26,-0.0126244010320677
2010-05-27,0.013818980507001
2010-05-28,-0.0112125870331857
2010-06-01,-0.00830105146651916
2010-06-02,0.0203496438812321
2010-06-03,0.000632682574114085
2010-06-04,-0.0153662127346338
2010-06-07,-0.0153989734017733
2010-06-08,0.00909004829088156
2010-06-09,-0.0116539250419542
2010-06-10,0.0118617366323788
2010-06-11,0.0139630272427436
2010-06-14,-0.00931705110809589
2010-06-15,0.0155994921095592
2010-06-16,0.00502783264499906
2010-06-17,-0.00142500890630559
2010-06-18,-8.95094880057901e-05
2010-06-21,-0.0156448472066183
2010-06-22,-0.0169567557868293
2010-06-23,-0.00310360565951628
2010-06-24,-0.0113186712064047
2010-06-25,0.00157816561455637
2010-06-28,-0.0053673884878771
2010-06-29,-0.0170706403847968
2010-06-30,-0.00855769230769232
2010-07-01,-0.00282979423117768
2010-07-02,-0.00776246846497186
2010-07-06,-0.00750521718240316
2010-07-07,0.0298884036875302
2010-07-08,0.00244835028716905
2010-07-09,0.00690427318529574
2010-07-12,0.00418332248768238
2010-07-13,0.00531719838650524
2010-07-14,0.0032248473343548
2010-07-15,0.00109489051094891
2010-07-16,-0.0221837590461296
2010-07-19,0.00186706497386102
2010-07-20,0.024461654703438
2010-07-21,-0.0175060064233642
2010-07-22,0.0096854533714601
2010-07-23,0.0108954403955319
2010-07-26,0.00867835834387987
2010-07-27,-0.00579477578675225
2010-07-28,-0.00449195939268709
2010-07-29,-0.0123589468027941
2010-07-30,0.0100714154916681
2010-08-02,0.00624776865405208
2010-08-03,-0.00177935943060503
2010-08-04,0.00480298852619399
2010-08-05,0.00498753117206974
2010-08-06,0.00545714796922536
2010-08-09,0.000532235210768617
2010-08-10,0.00357079093019119
2010-08-11,-0.0118435804701628
2010-08-12,0.00844704353476278
2010-08-13,-0.000645935221924909
2010-08-16,0.00716212445353914
2010-08-17,0.00439882697947214
2010-08-18,0.00312230727268248
2010-08-19,-0.0125354561259036
2010-08-20,0.000372093023255804
2010-08-23,-0.00842450391140992
2010-08-24,-0.00368028687364352
2010-08-25,0.00780135096565515
2010-08-26,-0.0104411626375693
2010-08-27,0.00935109096061204
2010-08-30,-0.0113572367186034
2010-08-31,0.00476644423260253
2010-09-01,0.0160172349194454
2010-09-02,0.00764061493141854
2010-09-03,0.00289357084727371
2010-09-07,-0.00679314726213798
2010-09-08,0.00491579426490674
2010-09-09,-0.00564718537110076
2010-09-10,0.0032385750269881
2010-09-13,0.00159914712153508
2010-09-14,0.000977430247023348
2010-09-15,0.00873985552483725
2010-09-16,0.00292708887706228
2010-09-17,-0.00398441650433856
2010-09-20,0.0123194185943454
2010-09-21,-0.00166389351081531
2010-09-22,-0.00351401212334179
2010-09-23,0.000177825197830606
2010-09-24,0.00958578840911084
2010-09-27,-0.00366140702641438
2010-09-28,0.00393804148070354
2010-09-29,0.00104977692240404
2010-09-30,-0.00903248219558805
2010-10-01,-0.00373804971319303
2010-10-04,-0.00585613145704045
2010-10-05,0.0103622431208639
2010-10-06,8.61846074291517e-05
2010-10-07,-0.00489438433797007
2010-10-08,0.00508796136598821
2010-10-11,-0.000685342242782494
2010-10-12,0.00679656498629244
2010-10-13,0.00135904187547786
2010-10-14,-0.00212278169313063
2010-10-15,-0.00507056536803852
2010-10-18,0.00687956514353671
2010-10-19,-0.00259379540210236
2010-10-20,0.00829855286445924
2010-10-21,-0.00202788339670468
2010-10-22,0.00135340889866353
2010-10-25,-0.00335824937709883
2010-10-26,0.00567604201965421
2010-10-27,0.00432680071264935
2010-10-28,-0.00453743382909
2010-10-29,0.00194519621109612
2010-11-01,-0.00478509066487587
2010-11-02,-0.000501966033631729
2010-11-03,0.00267446719598818
2010-11-04,0.0083312711375072
2010-11-05,0.00384395190970799
2010-11-08,0.00204432087660478
2010-11-09,-0.00936863543788191
2010-11-10,0.00328840305745048
2010-11-11,0.00520575111551813
2010-11-12,-0.00471971516104985
2010-11-15,-0.00563333609477257
2010-11-16,-0.00914122777591408
2010-11-17,0.000338466745642085
2010-11-18,0.00435328589367923
2010-11-19,0.00383909197129029
2010-11-22,0.00283782655871789
2010-11-23,-0.0034503071614912
2010-11-24,0.00678562452877607
2010-11-26,-0.00369105864327801
2010-11-29,0.00506030193134865
2010-11-30,0.00398372605526354
2010-12-01,0.00632016632016641
2010-12-02,0.0108865979381443
2010-12-03,0.00581252558329926
2010-12-06,0.00083178393189165
2010-12-07,-0.00831584046504119
2010-12-08,0.00170350551526166
2010-12-09,-0.00177485543516209
2010-12-10,0.00298050588045751
2010-12-13,-0.00344055048807812
2010-12-14,-0.00112188476640762
2010-12-15,-0.00301265314320143
2010-12-16,0.00410363694882521
2010-12-17,0.00201466677411566
2010-12-20,-0.000681079780193383
2010-12-21,0.00272036691758659
2010-12-22,0.00191174127768035
2010-12-23,-0.000469562033919901
2010-12-27,0.00407510986815818
2010-12-28,-0.000873639901516898
2010-12-29,-0.000238170847888131
2010-12-30,-0.000159007791381782
2010-12-31,0.00183164768654942
2011-01-03,0.00260416666666674
2011-01-04,-0.00306314797360974
2011-01-05,0.0083748123567986
2011-01-06,-0.00207590772002664
2011-01-07,-0.00350091638406913
2011-01-10,0.00316005688102394
2011-01-11,-0.000470625147070303
2011-01-12,0.00288544022459636
2011-01-13,-0.000856608685436466
2011-01-14,0.0085030033543958
2011-01-18,0.00263178264571562
2011-01-19,-0.00865667027361261
2011-01-20,0.00156384392837605
2011-01-21,-0.00326036329762447
2011-01-24,0.00592038638311121
2011-01-25,0.00341802376221922
2011-01-26,0.00173818996484987
2011-01-27,0.00277649236464605
2011-01-28,-0.0189012677679601
2011-01-31,0.00397156701336598
2011-02-01,0.0103546866548181
2011-02-02,0.00015331544653141
2011-02-03,0.00345277372822816
2011-02-04,0.00290586525961611
2011-02-07,0.00403195131228595
2011-02-08,0.0044696969696969
2011-02-09,0.000453823462672975
2011-02-10,0.00516521078617549
2011-02-11,0.00948740700293493
2011-02-14,0.00271287828119271
2011-02-15,-0.00067618332081143
2011-02-16,0.00254700726646195
2011-02-17,0.00606923422748396
2011-02-18,0.00193668528864044
2011-02-22,-0.0093928464081755
2011-02-23,-0.00493620899149461
2011-02-24,-7.63708568809474e-05
2011-02-25,0.00623574144486683
2011-02-28,0.00293785310734451
2011-03-01,-0.0202065559048048
2011-03-02,0.00313479623824442
2011-03-03,0.00770101925254818
2011-03-04,-0.00764273939757243
2011-03-07,-0.0109881839391888
2011-03-08,0.00733254815546514
2011-03-09,0.00030222893842069
2011-03-10,-0.00680376118033799
2011-03-11,0.00863398088189959
2011-03-14,0.000307621318157203
2011-03-15,0.0145930072511493
2011-03-16,-0.0148310046054174
2011-03-17,-0.00203029829767298
2011-03-18,-0.00814964296802234
2011-03-21,0.00344214108910879
2011-03-22,-0.00246875482178666
2011-03-23,0.005272135214762
2011-03-24,0.0046047582501918
2011-03-25,0.000533495922566907
2011-03-28,-0.00448464578899366
2011-03-29,0.00702719217842973
2011-03-30,0.0015087507543754
2011-03-31,-0.000603090840557985
2011-04-01,-0.0013499325033749
2011-04-04,-0.0018354122186014
2011-04-05,0.00165413533834591
2011-04-06,-0.00156915489800502
2011-04-07,-0.0004497076900013
2011-04-08,-0.0083600806150631
2011-04-11,-0.0048828125
2011-04-12,-0.00159477521263673
2011-04-13,-0.00492014230565441
2011-04-14,0.00596421471172959
2011-04-15,0.0022009714632667
2011-04-18,0.000536480686695429
2011-04-19,0.00375385132913841
2011-04-20,0.00195679987958153
2011-04-21,0.000373971578160104
2011-04-25,-0.000448866611804988
2011-04-26,0.00574583986269683
2011-04-27,0.00467445495558905
2011-04-28,0.00479846449136279
2011-04-29,0.00249779606229805
2011-05-02,-0.00540264291450687
2011-05-03,-0.00161836104163604
2011-05-04,-0.0064107287598556
2011-05-05,-0.0038017144986956
2011-05-06,-0.00644253554502372
2011-05-09,0.00365017878426688
2011-05-10,0.00547539770625227
2011-05-11,-0.00840769968286759
2011-05-12,0.0073063445910686
2011-05-13,-0.00887377061302952
2011-05-16,-0.00194800329662093
2011-05-17,0.00407086317376559
2011-05-18,0.00901103852218976
2011-05-19,-0.00148301942755458
2011-05-20,-0.00595075580327031
2011-05-23,0.00128914840373096
2011-05-24,-0.00332326283987916
2011-05-25,0.00684514755095833
2011-05-26,0.00696600287726223
2011-05-27,0.00119976004799027
2011-05-31,0.00103896103896095
2011-06-01,-0.0200726807916112
2011-06-02,-0.00227272727272732
2011-06-03,0.00238241623117119
2011-06-06,-0.00807605185829119
2011-06-07,-0.00493826588845969
2011-06-08,-0.00302771523950018
2011-06-09,0.005362138638483
2011-06-10,-0.0106283941039566
2011-06-13,-0.00140767967466959
2011-06-14,0.00294733576359252
2011-06-15,-0.00819800124921932
2011-06-16,0.00133721387556052
2011-06-17,-0.00610185402487684
2011-06-20,0.00796300242283632
2011-06-21,0.00912067352666024
2011-06-22,-0.00255813953488382
2011-06-23,0.00975840088140401
2011-06-24,-0.0113831280212069
2011-06-27,0.00827423167848695
2011-06-28,0.00973899493572272
2011-06-29,0.00437888914496454
2011-06-30,0.00602225949077595
2011-07-01,0.0146234277920898
2011-07-05,0.000448698773556799
2011-07-06,0.00299490865528607
2011-07-07,0.00252482248498809
2011-07-08,0.00328431738448898
2011-07-11,-0.00602455004141866
2011-07-12,-0.00294407769937022
2011-07-13,-0.00271560299245843
2011-07-14,-0.00930619656502985
2011-07-15,0.000911923398434489
2011-07-18,-0.00419367136866189
2011-07-19,0.00965301925963336
2011-07-20,-0.00353064903846156
2011-07-21,0.00885154902107876
2011-07-22,0.0004832174850391
2011-07-25,0.00352403089150477
2011-07-26,-0.0027673896783843
2011-07-27,-0.0149339958262343
2011-07-28,-0.00352004897459446
2011-07-29,0.00434917676296998
2011-08-01,-0.0156679914399267
2011-08-02,-0.0185344490498163
2011-08-03,0.00517722023098366
2011-08-04,-0.0327512674016255
2011-08-05,-0.0135601577909271
2011-08-08,-0.0401367813635392
2011-08-09,0.0289042655688885
2011-08-10,-0.0236583456553884
2011-08-11,0.0305665349143611
2011-08-12,-0.00295333727111646
2011-08-15,0.010975201072386
2011-08-16,0.00142378559463974
2011-08-17,-0.00424197037776675
2011-08-18,-0.0190774243333619
2011-08-19,-0.0038886433937253
2011-08-22,-0.0195012907247796
2011-08-23,0.0281578250507546
2011-08-24,0.0176663219579456
2011-08-25,-0.0219456823341463
2011-08-26,0.0203252032520325
2011-08-29,0.0142081069786877
2011-08-30,0.00803911818332503
2011-08-31,-0.00106217828253941
2011-09-01,-0.0103118094770439
2011-09-02,-0.00741364785172716
2011-09-06,0.021161481740041
2011-09-07,0.0132363532221178
2011-09-08,-0.00376632072313365
2011-09-09,-0.0166313109885448
2011-09-12,0.0186801675977655
2011-09-13,0.00761660248181428
2011-09-14,0.00921542103483253
2011-09-15,0.00729927007299258
2011-09-16,0.0019706301893947
2011-09-19,0.00787401574803148
2011-09-20,-0.00628462747043745
2011-09-21,-0.0306988352745424
2011-09-22,-0.00344249271780384
2011-09-23,0.0111418129958107
2011-09-26,0.0133414719218694
2011-09-27,-0.00926261493986469
2011-09-28,-0.0219219984705582
2011-09-29,-0.00905363853775198
2011-09-30,-0.0123079608938547
2011-10-03,-0.0235409078795416
2011-10-04,0.0343493876047518
2011-10-05,0.018599270267865
2011-10-06,0.0197531944687555
2011-10-07,-0.0102669404517453
2011-10-10,0.015195246179966
2011-10-11,0.00656094341638491
2011-10-12,0.000414387535222938
2011-10-13,0.00441850771154639
2011-10-14,0.00533092758139908
2011-10-17,-0.0144297778142166
2011-10-18,0.0207344491631276
2011-10-19,-0.00990584623131519
2011-10-20,0.00238997857260581
2011-10-21,0.00813092770005452
2011-10-24,0.0113730862207897
2011-10-25,-0.013785050661123
2011-10-26,-0.00128545030931149
2011-10-27,0.00665362035225048
2011-10-28,0.00507971241012828
2011-10-31,-0.013921661160925
2011-11-01,0.00370187561697932
2011-11-02,0.000560843443982106
2011-11-03,0.00846645367412147
2011-11-04,0.00191647368841319
2011-11-07,0.00766100071821874
2011-11-08,0.00772322484041288
2011-11-09,-0.0139300296213273
2011-11-10,-0.00442938780219682
2011-11-11,0.0062748212867354
2011-11-14,-0.00554763036931372
2011-11-15,0.00726779011261081
2011-11-16,-0.00672376530857288
2011-11-17,-0.0145290176769715
2011-11-18,-0.00456993634731517
2011-11-21,-0.00366361365528722
2011-11-22,-0.0024275908253808
2011-11-23,-0.0116939242437082
2011-11-25,-0.00420926037282021
2011-11-28,0.0021766429468395
2011-11-29,0.00125125125125125
2011-11-30,0.0140215629053178
2011-12-01,0.0012017304919083
2011-12-02,-0.0100862873596671
2011-12-05,-0.00315930811152365
2011-12-06,0.000713040722547964
2011-12-07,0.00651672891997146
2011-12-08,-0.0157986662432518
2011-12-09,0.0125331405157869
2011-12-12,-0.00552530429212039
2011-12-13,-0.0149647887323943
2011-12-14,-0.00636630754162582
2011-12-15,-0.00707784820412816
2011-12-16,-0.0043371522094926
2011-12-19,-0.014172549707152
2011-12-20,0.0135997225748197
2011-12-21,0.00185528756957321
2011-12-22,0.00666773778920304
2011-12-23,0.00540970564836907
2011-12-27,0.00213963071558765
2011-12-28,-0.0119395904166997
2011-12-29,0.00766773162939294
2011-12-30,-0.00380740858253348
2012-01-03,-0.00195556946182729
2012-01-04,0.00337917485265238
2012-01-05,0.0077909813488628
2012-01-06,-0.00226420986883202
2012-01-09,0.000390777647518492
2012-01-10,-0.00123724095267552
2012-01-11,0.00474228407059019
2012-01-12,-0.000308713436752317
2012-01-13,0.00381441693912477
2012-01-17,-0.00503904296649615
2012-01-18,0.0123858182381174
2012-01-19,0.00251620282119691
2012-01-20,0.0023622647260535
2012-01-23,0.000456135015964643
2012-01-24,0.00473016506281287
2012-01-25,0.0106346483704973
2012-01-26,-0.00907297830374765
2012-01-27,0.00266443361753965
2012-01-30,0.00798035604665448
2012-01-31,-0.00583289144761745
2012-02-01,0.00060436654831153
2012-02-02,-0.000150727259024874
2012-02-03,0.00410447761194033
2012-02-06,0.00410754294249438
2012-02-07,0.00432190760059625
2012-02-08,0.00185349940688018
2012-02-09,0.000221696718888609
2012-02-10,0.00193870703154131
2012-02-13,-0.000443164192333034
2012-02-14,0.00185212624092457
2012-02-15,-0.00788911007889104
2012-02-16,0.0110738786220859
2012-02-17,-0.000512933245401914
2012-02-21,-0.00233935229183413
2012-02-22,-0.00234707349273866
2012-02-23,0.00514970940925474
2012-02-24,-0.000292162734643164
2012-02-27,0.0072707744546554
2012-02-28,0.00284318728584987
2012-02-29,-0.00667634252539928
2012-03-01,0.00291269205563216
2012-03-02,-0.00217991570992593
2012-03-05,-0.00189711784020441
2012-03-06,-0.00461851099205612
2012-03-07,0.00444049733570151
2012-03-08,0.00300124441841731
2012-03-09,0.00138312586445366
2012-03-12,0.00029084563367987
2012-03-13,0.0124324039089172
2012-03-14,-0.00164109882269015
2012-03-15,0.00399657436483025
2012-03-16,-0.000272911956322619
2012-03-19,0.00499464859079546
2012-03-20,0.00257032700271309
2012-03-21,-0.00220609165955021
2012-03-22,-0.00028733567990824
2012-03-23,0.00287253141831245
2012-03-26,0.00646996089584073
2012-03-27,-0.00430274388093399
2012-03-28,-0.00460600907029485
2012-03-29,0.00407659968764928
2012-03-30,-0.00134837839755875
2012-04-02,0.00824800910125156
2012-04-03,-0.00296400846859557
2012-04-04,-0.00128516350135666
2012-04-05,0.00269688710371541
2012-04-09,0.00188419450684818
2012-04-10,-0.0152931796767413
2012-04-11,-0.00211324054507023
2012-04-12,0.0119542240688097
2012-04-13,-0.00910470409711683
2012-04-16,-0.0060223479901319
2012-04-17,0.00922224076506151
2012-04-18,0.000505232767953778
2012-04-19,-0.00609712100440152
2012-04-20,-0.00317988003179881
2012-04-23,0.00256560621609747
2012-04-24,0.00292120061345225
2012-04-25,0.00418440227977768
2012-04-26,0.00907258064516125
2012-04-27,-0.00106700810926164
2012-04-30,-0.002425799086758
2012-05-01,0.00640085821562675
2012-05-02,0.00314510364546106
2012-05-03,-0.0078353159056912
2012-05-04,-0.0106160179100167
2012-05-07,0.00454212454212466
2012-05-08,0.00154060597168226
2012-05-09,0.00518328876302387
2012-05-10,-0.00453713867544825
2012-05-11,0.00310765815760261
2012-05-14,-0.000883369854892124
2012-05-15,-0.00522970496288633
2012-05-16,-0.00806391398491757
2012-05-17,-0.0153533529013321
2012-05-18,-0.0110459358573933
2012-05-21,0.0136744257509411
2012-05-22,-0.000983358547655078
2012-05-23,0.00807926829268291
2012-05-24,-0.00075414781297134
2012-05-25,-0.00271698113207552
2012-05-29,0.00412347904461474
2012-05-30,-0.00520833333333337
2012-05-31,-0.00197283557174288
2012-06-01,-0.00988340531537091
2012-06-04,-0.00155799641660836
2012-06-05,0.0094593537281904
2012-06-06,0.0145250537964954
2012-06-07,-0.0107156238291494
2012-06-08,0.010938093429548
2012-06-11,-0.0206346841477951
2012-06-12,0.00864881268492512
2012-06-13,-0.00211528291909047
2012-06-14,0.00937618147448016
2012-06-15,0.00509668715335043
2012-06-18,0.00689138576779014
2012-06-19,0.00466424816761668
2012-06-20,-0.00235640648011803
2012-06-21,-0.0237323113207547
2012-06-22,0.00195195195195219
2012-06-25,-0.00537919539359044
2012-06-26,0.00243068742878849
2012-06-27,0.00482873094914749
2012-06-28,0.00362784370040048
2012-06-29,0.00829015544041445
2012-07-02,0.000219925225423356
2012-07-03,0.00622573793305503
2012-07-05,3.65497076022514e-05
2012-07-06,-7.37844019773615e-05
2012-07-09,-0.000147786891302792
2012-07-10,-0.0137469675806807
2012-07-11,0
2012-07-12,0.00187490625468723
2012-07-13,0.0125354424712727
2012-07-16,-0.000369085406363157
2012-07-17,0.00264647504226989
2012-07-18,0.00992647058823515
2012-07-19,0.000799418604651159
2012-07-20,-0.00357794815626122
2012-07-23,0.00603037522334726
2012-07-24,-0.00872974772508672
2012-07-25,-0.00171324369419745
2012-07-26,0.00153789551140537
2012-07-27,0.0132963179427235
2012-07-30,0.000144248106743516
2012-07-31,-0.00302027485946332
2012-08-01,-0.00757193336698625
2012-08-02,0.000292782901478494
2012-08-03,0.00490372827576269
2012-08-06,-0.000501073729420098
2012-08-07,0.00064194008559193
2012-08-08,0.00443332141580277
2012-08-09,0.00178151500035639
2012-08-10,0.00521019199200623
2012-08-13,0.000497547800127895
2012-08-14,-0.00375115011678107
2012-08-15,0.00213340918788218
2012-08-16,0.00595111583421892
2012-08-17,0.000140676654709182
2012-08-20,0.00140854989787997
2012-08-21,-0.00540199242317929
2012-08-22,0.00183706634635761
2012-08-23,-0.00551353643882091
2012-08-24,0.00791475172122524
2012-08-27,-0.0017634196233336
2012-08-28,0.00177116542685085
2012-08-29,0
2012-08-30,-0.00177657760090966
2012-08-31,-0.00092009342487076
2012-09-04,-0.00106307583274279
2012-09-05,-0.00120499007655239
2012-09-06,0.0127099537819864
2012-09-07,0.00243089317960843
2012-09-10,-0.00457729384839445
2012-09-11,0.0017405834435702
2012-09-12,-0.000346308352957347
2012-09-13,0.0161446784922397
2012-09-14,0.00108813928182805
2012-09-17,-0.000818298293555175
2012-09-18,0.000887432589255166
2012-09-19,0
2012-09-20,0.00513804206343771
2012-09-21,-0.00470764822269221
2012-09-24,0.00330646272564428
2012-09-25,-0.0127397260273974
2012-09-26,-0.00513639203165117
2012-09-27,0.00597928109573798
2012-09-28,-0.00111064834096897
2012-10-01,-0.00166009545548851
2012-10-02,-0.00276090557702935
2012-10-03,0.0022104027077432
2012-10-04,0.00439681231107447
2012-10-05,-0.00483453629306829
2012-10-08,0.00116862583350508
2012-10-09,-0.00811610152004938
2012-10-10,-0.00541253209353965
2012-10-11,-0.00623700623700629
2012-10-12,-0.00383435582822089
2012-10-15,0.00601387947244314
2012-10-16,0.00545655477275853
2012-10-17,0.0040521978021979
2012-10-18,0.000686012211017273
2012-10-19,-0.0143024135322837
2012-10-22,0.001257243460554
2012-10-23,-0.00289119244058955
2012-10-24,-0.00686692256224264
2012-10-25,-0.00450513867379987
2012-10-26,-0.000353731871241436
2012-10-31,-0.00352733686067019
2012-11-01,0.00889704843948591
2012-11-02,-0.0139333983558591
2012-11-05,0.00488737781555471
2012-11-06,0.00471001757469236
2012-11-07,-0.0120907869617479
2012-11-08,-0.0123774772841098
2012-11-09,0.00443378398022953
2012-11-12,-0.00151646447140363
2012-11-13,0.00298355406782136
2012-11-14,-0.0162842874719549
2012-11-15,-0.00176587447575605
2012-11-16,0.00404888103651335
2012-11-19,0.00877447425670774
2012-11-20,0.00331483750090067
2012-11-21,0.00222685151928737
2012-11-23,0.00634490625222783
2012-11-26,0.0030570169202333
2012-11-27,-0.00291131151033175
2012-11-28,0.0124534783853423
2012-11-29,0.000140726146917958
2012-11-30,-0.000147804054054124
2012-12-03,-0.00938375350140064
2012-12-04,-0.00106112054329377
2012-12-05,0.00113218228134726
2012-12-06,0.00459910508873751
2012-12-07,-0.00077187565784842
2012-12-10,0.00182776801405971
2012-12-11,0.0026564138413141
2012-12-12,-0.00291808518029613
2012-12-13,-0.00481238666480677
2012-12-14,-0.00112462219723064
2012-12-17,0.00848765432098775
2012-12-18,0.0102870647111974
2012-12-19,-0.00807809975593832
2012-12-20,0.0047157725626521
2012-12-21,0.00486670738675565
2012-12-24,-0.00133408229181298
2012-12-26,-0.00561364114798946
2012-12-27,-0.00112945326278657
2012-12-28,-0.00571915740115814
2012-12-31,0.0206011560031065
2013-01-02,0.00640672361532113
2013-01-03,-0.000959495579466729
2013-01-04,0.00308367025286094
2013-01-07,0.00106302722721341
2013-01-08,-0.00181749597064584
2013-01-09,0.000205592105263275
2013-01-10,0.00183923705722067
2013-01-11,0.00061216161066513
2013-01-14,6.80503572645375e-05
2013-01-15,0.00485204674366146
2013-01-16,0.00156665077310802
2013-01-17,0.00161157080754593
2013-01-18,0.00250067585834013
2013-01-22,0.00478568540234536
2013-01-23,0.00154217513745492
2013-01-24,0.00160922623038751
2013-01-25,0.0026702269692922
2013-01-28,-0.000998734935748091
2013-01-29,0.00607638888888884
2013-01-30,-0.00371697862737286
2013-01-31,-0.000333644735086125
2013-02-01,0.00385023898035053
2013-02-04,-0.00518893028206491
2013-02-05,0.00472231459926853
2013-02-06,0.00418493423674771
2013-02-07,-0.00158751157560533
2013-02-08,0.00330512956107887
2013-02-11,0.000329576165051693
2013-02-12,0.00151535116616142
2013-02-13,-0.000722400998226957
2013-02-14,0.00441894209207216
2013-02-15,-0.00187620953193168
2013-02-19,0.0051167672526895
2013-02-20,-0.0118853261934304
2013-02-21,-0.00265234400901804
2013-02-22,0.00416639111169892
2013-02-25,-0.0239093410192586
2013-02-26,0.00146872287869693
2013-02-27,0.0132061628760087
2013-02-28,-0.00210623313367997
2013-03-01,0.00675004963271775
2013-03-04,0.00784546413502119
2013-03-05,0.00357700312174836
2013-03-06,-0.00216345377635707
2013-03-07,0.000517096503134695
2013-03-08,-0.000771406531241969
2013-03-11,0.00431339728320346
2013-03-12,-0.0010906524667994
2013-03-13,0.00147767426919354
2013-03-14,0.00287944714614796
2013-03-15,0.000706350735246941
2013-03-18,0.00453808752025919
2013-03-19,-0.00473049074818999
2013-03-20,0.00025705288863187
2013-03-21,-0.00239126219866848
2013-03-22,0.00422976332698322
2013-03-25,-0.00653762338161779
2013-03-26,0.00276154389570338
2013-03-27,0.0059922680412372
2013-03-28,0.00243277848911672
2013-04-01,-0.00344827586206886
2013-04-02,0.00146899150539714
2013-04-03,-0.0106410569305149
2013-04-04,0.00310229196300416
2013-04-05,0.00844759243615578
2013-04-08,0.00592516261995235
2013-04-09,0.001085776330076
2013-04-10,0.00960620904637688
2013-04-11,0.00302400302400319
2013-04-12,0.000207854375964489
2013-04-15,-0.0177949464885061
2013-04-16,0.00684493346980553
2013-04-17,-0.00710763911122481
2013-04-18,-0.00772349874493161
2013-04-19,0.00608374862468453
2013-04-22,0.00276083467094712
2013-04-23,0.0050308858179966
2013-04-24,0.000697217468466738
2013-04-25,0.00132625994694968
2013-04-26,-0.000511618799780122
2013-04-29,0.00359032501889667
2013-04-30,0.00276277784754497
2013-05-01,-0.006387720509762
2013-05-02,0.00668095298121774
2013-05-03,0.00136510300322668
2013-05-06,0.00198179228339623
2013-05-07,0.00283722938382791
2013-05-08,0.00523109114407028
2013-05-09,-0.00263302920825426
2013-05-10,0.00276073619631889
2013-05-13,0.00257479156449225
2013-05-14,0.00897435897435894
2013-05-15,0.00660566026301446
2013-05-16,-0.00325595417545965
2013-05-17,0.00572220214431995
2013-05-20,0.000779376498800888
2013-05-21,0.000658367249221747
2013-05-22,-0.00955509107196173
2013-05-23,0.00718417047184183
2013-05-24,0.0054737866439607
2013-05-28,-0.00454926373757925
2013-05-29,-6.0521697028304e-05
2013-05-30,0.00193353474320235
2013-05-31,-0.0107735141024089
2013-06-03,0.00372473591011779
2013-06-04,-0.00550453135454043
2013-06-05,-0.0104927287230779
2013-06-06,0.00961836798014271
2013-06-07,0.00727294951717394
2013-06-10,-0.00308585950263218
2013-06-11,0.000427475447760672
2013-06-12,-0.0150389673648319
2013-06-13,0.0153969824387832
2013-06-14,-0.00481795450387257
2013-06-17,-0.000668449197861021
2013-06-18,0.00662010324931672
2013-06-19,-0.0135184067592032
2013-06-20,-0.0153218831088596
2013-06-21,-0.00310383747178311
2013-06-24,-0.00190682005974707
2013-06-25,0.000953048176269844
2013-06-26,0.00131370056505986
2013-06-27,0.000180011297260751
2013-06-28,-0.00261486738886818
2013-07-01,-0.000526527704649005
2013-07-02,6.20539869686798e-05
2013-07-03,0.00635712059831728
2013-07-05,0.00332389511264308
2013-07-08,-6.1615384568392e-05
2013-07-09,0.000848742043043416
2013-07-10,0.000302828417418688
2013-07-11,0.00233477011494254
2013-07-12,0.00149417915100503
2013-07-15,0.0011309523809524
2013-07-16,-0.00451628238649859
2013-07-17,-0.000832837596668523
2013-07-18,0.00362491086284744
2013-07-19,0.00355935219790005
2013-07-22,0.000649388984001575
2013-07-23,-0.0031249907958566
2013-07-24,-0.00701154843271268
2013-07-25,0.00529572771629172
2013-07-26,0.00564870971578069
2013-07-29,-0.000889046941678573
2013-07-30,-0.0034876160075662
2013-07-31,-0.00230769230769223
2013-08-01,0.00382330451149926
2013-08-02,0.0036993540810335
2013-08-05,0.00087935279634177
2013-08-06,-0.00387301214717439
2013-08-07,0.000236462520690317
2013-08-08,-0.00184592954898188
2013-08-09,-0.001827722422027
2013-08-12,0.00421615201900249
2013-08-13,0.00171332489565623
2013-08-14,-0.00501208797688535
2013-08-15,-0.00508373205741619
2013-08-16,-0.00132450331125822
2013-08-19,-0.00507215747841316
2013-08-20,0.00339352805720528
2013-08-21,-0.00284762193274768
2013-08-22,0.0061829423531552
2013-08-23,0.000961365138496539
2013-08-26,-0.00509500689324471
2013-08-27,-0.00675059295748959
2013-08-28,0.00330517811237607
2013-08-29,0.00323881691517958
2013-08-30,-0.00474536339845655
2013-09-03,-0.00608814845673988
2013-09-04,0.0087020020690074
2013-09-05,0.000995475113122035
2013-09-06,-0.00288357563378605
2013-09-09,0.00575953923686101
2013-09-10,0.00189832117221322
2013-09-11,0.00379236785968251
2013-09-12,-0.00277417070003538
2013-09-13,0.000827423167848895
2013-09-16,-0.00537289026455634
2013-09-17,0.00287305775432412
2013-09-18,0.0119847997661502
2013-09-19,-0.00409174734900886
2013-09-20,-0.00836479814115598
2013-09-23,-0.00392731535756152
2013-09-24,-0.00170769049581909
2013-09-25,-0.00329699544857809
2013-09-26,0.000944008496076343
2013-09-27,0.000118399242244882
2013-09-30,0.0044840368288892
2013-10-01,0.00689838074471116
2013-10-02,0.00445427817950006
2013-10-03,-0.00663546418626704
2013-10-04,0.00652698715465094
2013-10-07,5.97228858096877e-05
2013-10-08,-0.0120007164606843
2013-10-09,-0.00102564102564096
2013-10-10,0.0111775891101744
2013-10-11,0.00835159628028181
2013-10-14,0.0106999290612437
2013-10-15,-0.0053917833909628
2013-10-16,0.00820296478584415
2013-10-17,0.0102058669154954
2013-10-18,0.00252975334904848
2013-10-21,-0.000401215108614572
2013-10-22,0.00308765509748987
2013-10-23,-0.00120116684779503
2013-10-24,0.00120041156968109
2013-10-25,0.00262153074599647
2013-10-28,0.00147769252628605
2013-10-29,0.00339712376854262
2013-10-30,-0.00594701240135287
2013-10-31,-0.00334637853780273
2013-11-01,0.000369139904023541
2013-11-04,0.000735751881826952
2013-11-05,0.000794641843568922
2013-11-06,0.000564812199943532
2013-11-07,-0.0140892696122633
2013-11-08,0.012887555365052
2013-11-11,0.00146859466787186
2013-11-12,0.000621925708147231
2013-11-13,0.0120290512936905
2013-11-14,0.00436901361115782
2013-11-15,0.00284043441938175
2013-11-18,-0.00497871019249529
2013-11-19,-0.00194827456456481
2013-11-20,-0.00512934879571825
2013-11-21,0.00547792062604802
2013-11-22,0.00437901694653431
2013-11-25,-0.00218171775752563
2013-11-26,-0.000110674561452084
2013-11-27,0.00149278487311322
2013-11-29,-0.00193050193050204
2013-12-02,-0.00353259369652803
2013-12-03,-0.000444543231829408
2013-12-04,0.00307005302818864
2013-12-05,-0.0016732667744993
2013-12-06,0.0013736856728237
2013-12-09,-0.000165371258475266
2013-12-10,-0.000829095732920448
2013-12-11,-0.0115616529291365
2013-12-12,-0.00212813620071683
2013-12-13,-0.00218487394957978
2013-12-16,0.000949561526001119
2013-12-17,-0.00334765385259161
2013-12-18,0.0161624070242157
2013-12-19,0.00207010764559756
2013-12-20,0.00453715487190842
2013-12-23,0.000164446637066273
2013-12-24,0.0043225771106119
2013-12-26,0.00261737281204
2013-12-27,-0.00168350168350151
2013-12-30,-0.00038068305416572
2013-12-31,0.00238974581794471
2014-01-02,-0.00511175159062482
2014-01-03,-0.0019654946494867
2014-01-06,-0.00615703154797576
2014-01-07,0.00185690879300937
2014-01-08,0.00129847456517473
2014-01-09,-0.00206510515732838
2014-01-10,0
2014-01-13,-0.0109937955807119
2014-01-14,0.00745941202281708
2014-01-15,0.00331359159318056
2014-01-16,0.000488307742390504
2014-01-17,-0.0033112582781456
2014-01-21,-0.00249119956674793
2014-01-22,-0.000590917222797471
2014-01-23,-0.00251036891508405
2014-01-24,-0.0145430507354157
2014-01-27,-0.00636338264024572
2014-01-28,0.00505135544704505
2014-01-29,-0.00135165577832852
2014-01-30,0.0031888111888112
2014-01-31,0.0058793961334922
2014-02-03,-0.0218465685723914
2014-02-04,0.00285893990508312
2014-02-05,0.00223175965665234
2014-02-06,0.00973194468157756
2014-02-07,0.00779698014243424
2014-02-10,0.00233879051119268
2014-02-11,0.00999167360532871
2014-02-12,-0.00120680197476686
2014-02-13,0.0119969040247678
2014-02-14,0.00700487057407106
2014-02-18,0.000108559952233689
2014-02-19,-0.00424374319912946
2014-02-20,0.00452735504281887
2014-02-21,-0.00271134970988562
2014-02-24,0.00407186720784547
2014-02-25,-0.00199762488395794
2014-02-26,-0.00162048290390526
2014-02-27,0.00617217108825119
2014-02-28,0.00307927518599471
2014-03-03,0.00167912468854947
2014-03-04,0.00444182810660387
2014-03-05,2.92982535576858e-05
2014-03-06,-0.000583674429695868
2014-03-07,-0.00328337658211086
2014-03-10,0.00117046180038316
2014-03-11,-0.0065803438760349
2014-03-12,0.00450595429674938
2014-03-13,-0.0136351531291611
2014-03-14,-0.00226990217802514
2014-03-17,0.00398706896551726
2014-03-18,0.00573357625120563
2014-03-19,-0.0055401662049861
2014-03-20,0.00799914103183541
2014-03-21,-0.00894140188408099
2014-03-24,-0.00770671661760769
2014-03-25,-0.000965043963113921
2014-03-26,-0.0109619806427463
2014-03-27,-0.000162469536961862
2014-03-28,0.00124156545209164
2014-03-31,0.00123132930028391
2014-04-01,0.00330437563289454
2014-04-02,0.00217541253249842
2014-04-03,-0.00280186085853251
2014-04-04,-0.0173709043941271
2014-04-07,-0.00823288850624193
2014-04-08,0.00461304678172159
2014-04-09,0.00818965517241388
2014-04-10,-0.0203262904519924
2014-04-11,-0.00318576293529615
2014-04-14,-0.000382471860998934
2014-04-15,0.00575951958509613
2014-04-16,0.00382914464459061
2014-04-17,0.00231232523123248
2014-04-21,0.00321802091713619
2014-04-22,0.00320410124959958
2014-04-23,-0.00186358553857624
2014-04-24,-0.00223119422014462
2014-04-25,-0.00475427350427338
2014-04-28,-0.00128246232766904
2014-04-29,0.00149373166177647
2014-04-30,0.00544377435021604
2014-05-01,0.00037184594953521
2014-05-02,-0.00217529711375208
2014-05-05,0.00673148840688098
2014-05-06,-0.00574773815859508
2014-05-07,0.00272159667004646
2014-05-08,-0.000479284268825264
2014-05-09,0.00245254851780774
2014-05-12,0.00476493011435841
2014-05-13,-0.000105279781018153
2014-05-14,-0.00416139907290347
2014-05-15,-0.00636334712058551
2014-05-16,0.00362860192102454
2014-05-19,0.00603653905094426
2014-05-20,-0.00588422391857502
2014-05-21,0.00520888699904343
2014-05-22,0.00280326871710779
2014-05-23,0.0032674571805007
2014-05-27,0.00272222803894873
2014-05-28,-0.00120054285416027
2014-05-29,0.0031808937790061
2014-05-30,0.00218488269260786
2014-06-02,0.000103696790584307
2014-06-03,0.00249571049758224
2014-06-04,0.00374123148869843
2014-06-05,0.00537717801561444
2014-06-06,0.00251423880137525
2014-06-09,0.00133114888388297
2014-06-10,0.00133101259342672
2014-06-11,0.000461917470745199
2014-06-12,-0.00607050412917531
2014-06-13,0.001444415785401
2014-06-16,0.00216628842583044
2014-06-17,0.00453725186903853
2014-06-18,0.00687496793391817
2014-06-19,0.000687530238598466
2014-06-20,0.000102077272495116
2014-06-23,-0.000347027302883274
2014-06-24,-0.00460122699386512
2014-06-25,0.00576013166015232
2014-06-26,-0.000153476236762651
2014-06-27,0.00374224637309695
2014-06-30,0.00025554533374228
2014-07-01,0.00407622541526553
2014-07-02,0.00116745342876001
2014-07-03,0.00151706700379273
2014-07-07,-0.00131445904954508
2014-07-08,-0.00436209829153256
2014-07-09,0.00233894340773899
2014-07-10,0.00622693726937262
2014-07-11,0.00157937640105965
2014-07-14,-0.000151806497318052
2014-07-15,-0.00288169868554111
2014-07-16,-0.00105964274901604
2014-07-17,-0.00835993312053507
2014-07-18,0.00735185477666778
2014-07-21,0.00121790317669745
2014-07-22,0.000706892198939491
2014-07-23,0.000705254143368084
2014-07-24,-0.000804788491524544
2014-07-25,-0.00219536198238668
2014-07-28,0.00113886568977306
2014-07-29,-0.00585533289586604
2014-07-30,-0.00364169743563802
2014-07-31,-0.0122288170282439
2014-08-01,-0.000830521671424833
2014-08-04,0.00531487386896901
2014-08-05,-0.00600600600600598
2014-08-06,0.00444560669456084
2014-08-07,-0.0100544182430682
2014-08-08,0.00934969966048582
2014-08-11,-0.000927978553384556
2014-08-12,-0.000103327133705311
2014-08-13,0.00277820651335081
2014-08-14,0.00281828106884641
2014-08-15,-0.00356361044646958
2014-08-18,0.00294745400955398
2014-08-19,0.00303352040042459
2014-08-20,0.0036328775417529
2014-08-21,0.00190849279292848
2014-08-22,-0.00130378096479788
2014-08-25,0.000299835090699974
2014-08-26,9.9840255591177e-05
2014-08-27,-0.00124626034622999
2014-08-28,0.00250450811460623
2014-08-29,0.00104743378722127
2014-09-02,-0.00164294164695311
2014-09-03,-0.00402344526127563
2014-09-04,-0.00333515854447697
2014-09-05,0.00494653742380335
2014-09-08,-0.00144357608641543
2014-09-09,-0.00519039776413632
2014-09-10,0.0033599117396319
2014-09-11,0.0053712163044024
2014-09-12,-0.00454959008198363
2014-09-15,-0.000452079566003682
2014-09-16,0.00982169839830771
2014-09-17,-4.98181637024198e-05
2014-09-18,0.00248422517016933
2014-09-19,-0.00431547619047623
2014-09-22,-0.00603943099575743
2014-09-23,-0.00186520139133939
2014-09-24,0.00736964312755539
2014-09-25,-0.013318590742323
2014-09-26,0.00640601962479015
2014-09-29,0.00703579076170091
2014-09-30,-0.00389341153865608
2014-10-01,-0.0119477350144898
2014-10-02,0.000669206218470109
2014-10-03,0.00485734737703236
2014-10-06,-0.00517031630170317
2014-10-07,-0.00996388412182081
2014-10-08,0.0166477096473994
2014-10-09,-0.0186911128087598
2014-10-10,-0.0100285788516496
2014-10-13,-0.0153959329515002
2014-10-14,-0.00297381976528066
2014-10-15,0.00545120898100171
2014-10-16,0.0177605333624788
2014-10-17,0.00164692131966215
2014-10-20,0.0109423138213109
2014-10-21,0.0126813485022441
2014-10-22,-0.00838736235463622
2014-10-23,0.00159268392930545
2014-10-24,0.00609662380244891
2014-10-27,0.00194144995657286
2014-10-28,0.00766530699325929
2014-10-29,-0.00206497104004044
2014-10-30,0.00895386483205174
2014-10-31,-0.000396550014870711
2014-11-03,-0.00069344692654405
2014-11-04,-0.000794952054454234
2014-11-05,-0.000296398755125216
2014-11-06,0.00390335490883942
2014-11-07,0.0010336680448908
2014-11-10,0.00280235988200594
2014-11-11,0.000784275280623525
2014-11-12,0.00280222211297376
2014-11-13,-0.000391676866585144
2014-11-14,0.000244857982370172
2014-11-17,0.00259995094432175
2014-11-18,0.00508532590093402
2014-11-19,9.74801384219237e-05
2014-11-20,0.00592034445640488
2014-11-21,-0.00462338663070694
2014-11-24,0.000724182880316837
2014-11-25,-0.00154216867469881
2014-11-26,0.00149505666747052
2014-11-28,-0.00284364758048972
2014-12-01,-0.00319674513222901
2014-12-02,0.00543768509977194
2014-12-03,0.00323296660876271
2014-12-04,0.000819316593570818
2014-12-05,0.000769822940723586
2014-12-08,-0.00438490820604254
2014-12-09,0.00953498606425129
2014-12-10,-0.0125874805598756
2014-12-11,0.000244953948657534
2014-12-12,-0.0082452848819986
2014-12-15,-0.0129150378544214
2014-12-16,-0.00257004636162061
2014-12-17,0.0175385545811915
2014-12-18,0.00996288337565931
2014-12-19,0.00150324895742404
2014-12-22,0.00203353153422947
2014-12-23,-0.00162335321916995
2014-12-24,-0.000456741748599665
2014-12-26,0.000720218946559603
2014-12-29,0.00177577270109408
2014-12-30,-0.00273801517917183
2014-12-31,-0.0118280603904221
2015-01-02,-0.0047482920684141
2015-01-05,-0.0120434740037206
2015-01-06,-0.0111347552828228
2015-01-07,0.00411890228772771
2015-01-08,0.00926334362593728
2015-01-09,-0.00907546711963114
2015-01-12,-0.00938691698445282
2015-01-13,-0.0104309500489715
2015-01-14,0.00626095667417981
2015-01-15,-0.0122096486003572
2015-01-16,0.013629048481191
2015-01-20,-0.00128521997034114
2015-01-21,0.00819102462271637
2015-01-22,0.00910737893551405
2015-01-23,-0.00311299187703684
2015-01-26,0.00415424466057379
2015-01-27,-0.000345133616014182
2015-01-28,-0.0196491571932577
2015-01-29,0.00848811663670856
2015-01-30,-0.00577769580107579
2015-02-02,0.00869434867336238
2015-02-03,0.00827097282394651
2015-02-04,0.000833742030406981
2015-02-05,0.00609964378080319
2015-02-06,-0.00479418886198557
2015-02-09,-0.0014642003026013
2015-02-10,0.0050541867133207
2015-02-11,0.00179116038146887
2015-02-12,0.00488262459111022
2015-02-13,0.00368368176816736
2015-02-17,0.0034856515303443
2015-02-18,0.00267188320053435
2015-02-19,0.00229084140695845
2015-02-20,0.00806374654070052
2015-02-23,0.00165986910746474
2015-02-24,0.0029353280939306
2015-02-25,-0.000377911096414496
2015-02-26,-0.000472790884591734
2015-02-27,-0.00260367354667679
2015-03-02,0.00527961473132965
2015-03-03,-0.00113539596934431
2015-03-04,-0.000617988210686593
2015-03-05,4.75149672145569e-05
2015-03-06,-0.00912173456230003
2015-03-09,0.00259815242494232
2015-03-10,-0.00774518346403341
2015-03-11,-0.00331400165700091
2015-03-12,0.00822704702560628
2015-03-13,-0.00401606425702805
2015-03-16,0.00832660793419904
2015-03-17,0.00197523726935489
2015-03-18,0.0151961020792126
2015-03-19,-0.0025236893481263
2015-03-20,0.00364885168491091
2015-03-23,-0.00167543995151931
2015-03-24,-0.00547723375881126
2015-03-25,-0.0169988724750129
2015-03-26,0.00288240754311397
2015-03-27,0.00189938148346558
2015-03-30,0.00555260489594889
2015-03-31,-0.00299430116874333
2015-04-01,-0.00169812236184574
2015-04-02,0.00359852168838759
2015-04-06,0.0124214525792781
2015-04-07,-0.0032222382532584
2015-04-08,0.00149268104776579
2015-04-09,0.00485763755290503
2015-04-10,0.00411177173332611
2015-04-13,-0.00404896870385363
2015-04-14,0.00157781496533582
2015-04-15,0.00185661239645807
2015-04-16,0.00128516350135666
2015-04-17,-0.0045004069516924
2015-04-20,0.00334688022950025
2015-04-21,-0.00507855142626601
2015-04-22,0.00295209980001898
2015-04-23,0.00529974527138299
2015-04-24,7.65473190009747e-05
2015-04-27,-0.00739415061460946
2015-04-28,0.00308393035061916
2015-04-29,0
2015-04-30,-0.00643439302225823
2015-05-01,0.00486478752325081
2015-05-04,0.000994647847297969
2015-05-05,-0.00985875438430173
2015-05-06,-0.00819550987132234
2015-05-07,0.00408614556292664
2015-05-08,0.00293838862559248
2015-05-11,-0.00326549929010889
2015-05-12,0.00253067850833211
2015-05-13,-0.00156866473356476
2015-05-14,0.0040686046517131
2015-05-15,-0.0001411764705882
2015-05-18,0.00376842997786042
2015-05-19,-0.000703696753612371
2015-05-20,-0.00121996996996998
2015-05-21,0.00395052438508214
2015-05-22,-0.000281650471764539
2015-05-26,-0.00706780379776661
2015-05-27,0.00676923076923086
2015-05-28,0.000800678221552387
2015-05-29,-0.00607373228494745
2015-06-01,-0.00221656291265804
2015-06-02,0.00180103322432346
2015-06-03,-0.000518770043387962
2015-06-04,-0.00407428463141946
2015-06-05,-0.00085726532361774
2015-06-08,-0.005580995993131
2015-06-09,-0.000143898695318501
2015-06-10,0.00682512409316516
2015-06-11,0.000425511796132483
2015-06-12,-0.00346414843638776
2015-06-15,0.00388899558286915
2015-06-16,0.00612498803713279
2015-06-17,-0.00061684460260969
2015-06-18,0.0051022818538291
2015-06-19,-0.00475278428034343
2015-06-22,9.43930526713377e-05
2015-06-23,-0.000706946931850361
2015-06-24,-0.00533975994707492
2015-06-25,-0.00625207218301516
2015-06-26,-0.00180771609343033
2015-06-29,-0.0126874279123415
2015-06-30,-0.00536231884057981
2015-07-01,-0.000674178946354576
2015-07-02,-0.00417927655281725
2015-07-06,0.00364166059723225
2015-07-07,0.00614357585139325
2015-07-08,-0.00896621916347606
2015-07-09,-0.010193236714976
2015-07-10,0.000482253086419693
2015-07-13,0.00387652548456563
2015-07-14,0.00448173929627149
2015-07-15,0.000142450142450068
2015-07-16,0.00203002549334341
2015-07-17,0.000918706273114855
2015-07-20,0
2015-07-21,-0.00334180551633256
2015-07-22,0.000662878787878851
2015-07-23,-0.00600643208475227
2015-07-24,-0.0107966706302022
2015-07-27,-0.00103877279864717
2015-07-28,0.0074608904933815
2015-07-29,0.00649536727481137
2015-07-30,0.00233000475511158
2015-07-31,-0.00331486480087129
2015-08-03,-0.0033260477050272
2015-08-04,-0.00200219287791403
2015-08-05,-0.0019951546244833
2015-08-06,-0.00898459783228756
2015-08-07,-0.000672850483010468
2015-08-10,0.00520311232039727
2015-08-11,-0.00172257045791668
2015-08-12,0.00878929830492092
2015-08-13,-7.18924488964934e-05
2015-08-14,0.0040757612083433
2015-08-17,0.00924994009106173
2015-08-18,-0.000999143591207563
2015-08-19,-0.00282418266239048
2015-08-20,-0.0124467260751646
2015-08-21,-0.021255512064609
2015-08-24,0.0183264362874187
2015-08-25,-0.0408278264433174
2015-08-26,0.014601585314977
2015-08-27,0.0111116748693489
2015-08-28,0.00327241604994222
2015-08-31,-0.00322841000807106
2015-09-01,-0.00817847714685016
2015-09-02,0.00565960074089311
2015-09-03,-0.00341453470594222
2015-09-04,-0.00238317272821476
2015-09-08,0.00801265693579656
2015-09-09,-0.0219421570596505
2015-09-10,0.0072504756517715
2015-09-11,0.00866311256920227
2015-09-14,-0.00366002440016266
2015-09-15,0.00956207720868729
2015-09-16,0.00754944889023101
2015-09-17,-0.00120000000000009
2015-09-18,-0.00433076883884453
2015-09-21,-0.000407041823547338
2015-09-22,0.000103167234086321
2015-09-23,-0.00298738089106365
2015-09-24,0.00390259132063697
2015-09-25,-0.00985980588507163
2015-09-28,-0.0191032934913096
2015-09-29,-0.00254601389699249
2015-09-30,0.00714623509011614
2015-10-01,-0.000780031201248033
2015-10-02,0.0274326303919399
2015-10-05,0.0102295282202656
2015-10-06,-0.00167548144858487
2015-10-07,0.00246280659429021
2015-10-08,0.0114099019854235
2015-10-09,-0.000347515265849196
2015-10-12,0.000943583631307199
2015-10-13,-0.00194407058471668
2015-10-14,-0.00499325910021475
2015-10-15,0.0110938983559044
2015-10-16,0.00118284869393781
2015-10-19,0.00419794547609653
2015-10-20,0.000295551943254146
2015-10-21,-0.00869394371039844
2015-10-22,0.00918604193713368
2015-10-23,0.00195552980372282
2015-10-26,-0.0013028372900985
2015-10-27,0.00174570846668609
2015-10-28,0.00878632808728397
2015-10-29,0.00225527831094041
2015-10-30,-0.00621563471192932
2015-11-02,0.010194624652456
2015-11-03,0.00505002382086706
2015-11-04,-0.00487204957192189
2015-11-05,-0.00161788078998193
2015-11-06,0.00090549492446268
2015-11-09,-0.00549686917451364
2015-11-10,0.00409322931715295
2015-11-11,-0.00545846301173081
2015-11-12,-0.00798876730899589
2015-11-13,-0.00885735258135556
2015-11-16,0.0163124073158674
2015-11-17,-0.00202626860449862
2015-11-18,0.0129094879883522
2015-11-19,-0.000718803910293331
2015-11-20,-9.55246692458944e-05
2015-11-23,-0.00124211733231416
2015-11-24,0.00677982401307875
2015-11-25,-0.000238811673114681
2015-11-27,0.000525310410697255
2015-11-30,-0.00552828480198264
2015-12-01,0.00639923591212987
2015-12-02,-0.00983046017951272
2015-12-03,-0.0165032288926095
2015-12-04,0.0167822670611633
2015-12-07,-0.00387374461979917
2015-12-08,0.00278605518811936
2015-12-09,-0.00465296626599443
2015-12-10,0.0013622652525056
2015-12-11,-0.00727880784930912
2015-12-14,0.00435406461827714
2015-12-15,0.00170948520074243
2015-12-16,0.0063873028162198
2015-12-17,-0.0162761666986749
2015-12-18,-0.0129818845945012
2015-12-21,0.000545797360325562
2015-12-22,0.00429332806948279
2015-12-23,0.00679274788642914
2015-12-24,-0.00174884624726734
2015-12-28,0.00170865065416903
2015-12-29,0.00406602449295712
2015-12-30,-0.00593715306270204
2015-12-31,-0.00468544096832435
2016-01-04,0.00289406716231722
2016-01-05,0.00074523052464226
2016-01-06,0.00120876353563326
2016-01-07,-0.00629993853718513
2016-01-08,-0.0170073254443933
2016-01-11,-0.00579761604678253
2016-01-12,-0.000129102223140332
2016-01-13,-0.0285508513812438
2016-01-14,0.0117045394632784
2016-01-15,0.00530006959687346
2016-01-19,-0.0102069447654203
2016-01-20,0.00356506238859189
2016-01-21,0.0046281347540631
2016-01-22,0.00458812361565242
2016-01-25,-0.0117061682258741
2016-01-26,0.00912660511514374
2016-01-27,-0.00743945549517222
2016-01-28,-0.00405455215628459
2016-01-29,0.0193137564466896
2016-02-01,0.00665246089080607
2016-02-02,-0.00865530006778248
2016-02-03,-0.00100583909187102
2016-02-04,0.00398343728706974
2016-02-05,-0.0153499580888516
2016-02-08,-0.000970088924818091
2016-02-09,0.0110165794066317
2016-02-10,-0.00648793565683647
2016-02-11,0.00345337937839174
2016-02-12,0.0097381519151698
2016-02-16,0.00455243237520531
2016-02-17,0.00841786050402593
2016-02-18,-0.00554088343431214
2016-02-19,0.0035014371570421
2016-02-22,0.00417568821527992
2016-02-23,-0.00824869825230701
2016-02-24,0.0140652881284771
2016-02-25,0.00856243874761442
2016-02-26,-0.00762854091440779
2016-02-29,-0.00769309672786955
2016-03-01,0.0151623809035959
2016-03-02,0.00652470790551818
2016-03-03,0.00548648512608851
2016-03-04,0.00134925790815044
2016-03-07,0.00619497880665154
2016-03-08,-0.00441678377835775
2016-03-09,0
2016-03-10,-0.00102630854339292
2016-03-11,0.0066482580411944
2016-03-14,0.00150848212077759
2016-03-15,0.00412217531661296
2016-03-16,0.00792864222001977
2016-03-17,0.00703670898533604
2016-03-18,0.000979240109674873
2016-03-21,0.00276804742424619
2016-03-22,0.00407341970946207
2016-03-23,-0.00343238207315877
2016-03-24,0.00594235911656926
2016-03-28,-0.00186603810646235
2016-03-29,0.0120369000049332
2016-03-30,-0.000719140832797116
2016-03-31,-0.00169985429820296
2016-04-01,0.0124796968188787
2016-04-04,-0.00240753154021078
2016-04-05,-0.0030271959376984
2016-04-06,0.00983269738773118
2016-04-07,-0.00566111054499463
2016-04-08,-0.00389616714557062
2016-04-11,-0.00720286537665016
2016-04-12,0.00763284078676985
2016-04-13,0.00468485872977542
2016-04-14,-0.00027058682737191
2016-04-15,-0.000961492235950101
2016-04-18,0.0108679901463555
2016-04-19,0.00095387990651985
2016-04-20,0.000285714285714223
2016-04-21,-0.00554431885782269
2016-04-22,0.00182158094051088
2016-04-25,0.00149785403604463
2016-04-26,-7.17754862790132e-05
2016-04-27,0.00321561899467571
2016-04-28,-0.00384098329172278
2016-04-29,-0.0027978496816714
2016-05-02,0.00563332608012379
2016-05-03,-0.00166107325672049
2016-05-04,-0.000292611558156519
2016-05-05,-0.00287006858977479
2016-05-06,0.00783929446349818
2016-05-09,0.00189781021897795
2016-05-10,0.00817451871916419
2016-05-11,-0.00677982401307875
2016-05-12,-0.0036177704886402
2016-05-13,-0.00703166674749045
2016-05-16,0.00883597462834618
2016-05-17,-0.0077008766406742
2016-05-18,0.00224938875305636
2016-05-19,0.00156939676311918
2016-05-20,0.00243950039032015
2016-05-23,-0.00116850869078333
2016-05-24,0.00790418000193971
2016-05-25,0.00257568315503209
2016-05-26,-0.00121003912587081
2016-05-27,0.00343708229902617
2016-05-31,-0.00303980241284307
2016-06-01,0.00545115478410563
2016-06-02,0.00586608164822588
2016-06-03,0.000285388127853947
2016-06-06,0.00318017846971697
2016-06-07,0.000710099007279696
2016-06-08,0.00188732660186841
2016-06-09,0.00236395442295878
2016-06-10,-0.00218506555196663
2016-06-13,-0.00505966587112172
2016-06-14,-4.80561295592707e-05
2016-06-15,-0.00359712230215825
2016-06-16,0.00771768046037247
2016-06-17,-0.00164314710999403
2016-06-20,-0.00526416539050534
2016-06-21,0.000768381117034034
2016-06-22,-0.0029301059036313
2016-06-23,0.00443068127679846
2016-06-24,-0.00198895027624313
2016-06-27,-0.00780423931409779
2016-06-28,0.00810012900664892
2016-06-29,0.00799882943959407
2016-06-30,0.0111491867368116
2016-07-01,0.00162298916416059
2016-07-05,-0.00258410298128919
2016-07-06,0.00991862872550442
2016-07-07,-0.00214306124392794
2016-07-08,0.00781990521327014
2016-07-11,0.000468801275139485
2016-07-12,0.00153767298821106
2016-07-13,-0.00208942749686591
2016-07-14,-0.00175560175560174
2016-07-15,-0.00433679354094574
2016-07-18,0.00203741433598803
2016-07-19,0.00101884870096791
2016-07-20,0.00163794495582148
2016-07-21,-0.00341029540531823
2016-07-22,0.00383548983364124
2016-07-25,-0.00110644967959062
2016-07-26,0.000648692572816412
2016-07-27,-0.00336002945779246
2016-07-28,0.00198752022186266
2016-07-29,0.00235424456446465
2016-08-01,-0.00161112134045305
2016-08-02,-0.00493952543624776
2016-08-03,0.00343435281013593
2016-08-04,-4.62064504204163e-05
2016-08-05,0.00432721079040643
2016-08-08,-0.00146553698190977
2016-08-09,0.000320953690967407
2016-08-10,-0.00315898386705982
2016-08-11,0.00128818827973065
2016-08-12,0.00142110571192822
2016-08-15,0.000570776255707672
2016-08-16,-0.00279517454973
2016-08-17,0.00174319922932242
2016-08-18,0.00192263675898374
2016-08-19,0.00146620847651779
2016-08-22,0.00206374684705346
2016-08-23,-0.00191466083150993
2016-08-24,-0.0038405267008047
2016-08-25,0.00115005980310978
2016-08-26,-0.00398863011186501
2016-08-29,0.00334970661348799
2016-08-30,-0.00251693208859605
2016-08-31,-0.00142397795130911
2016-09-01,-0.000459748977058472
2016-09-02,-0.000526351923473056
2016-09-06,0.00155442783340187
2016-09-07,0.00132559308863178
2016-09-08,0
2016-09-09,-0.0166897187644076
2016-09-12,0.0181664156626506
2016-09-13,-0.00647656322803103
2016-09-14,-0.00131196701340086
2016-09-15,0.0106562764059712
2016-09-16,-0.000562166213810555
2016-09-19,-0.00382801923346254
2016-09-20,-0.0044313835245825
2016-09-21,0.00657710607332773
2016-09-22,0.000645101833932404
2016-09-23,-0.00323057042643538
2016-09-26,-0.00422140210423949
2016-09-27,0.00839180337225298
2016-09-28,0.00389177168272803
2016-09-29,-0.00819412362561223
2016-09-30,0.00171304227047542
2016-10-03,-0.000509731232622879
2016-10-04,-0.00592592592592589
2016-10-05,0.00064959168522627
2016-10-06,0.00162428067570097
2016-10-07,-0.00536515424818462
2016-10-10,-0.00106314135157615
2016-10-11,-0.00969657604157004
2016-10-12,0.000608642726719344
2016-10-13,0.0038639148053905
2016-10-14,-0.00497303355046574
2016-10-17,-0.00356539688496904
2016-10-18,-0.00228779531235412
2016-10-19,0.00100450860840517
2016-10-20,0.000467748725384798
2016-10-21,0.00401257743570493
2016-10-24,-0.000883556547619069
2016-10-25,-0.00223609428864247
2016-10-26,0.00262688807580447
2016-10-27,-0.00638545793521328
2016-10-28,-0.00272172688878458
2016-10-31,-0.00186325747381366
2016-11-01,-0.0090640116470202
2016-11-02,-0.00403704583234399
2016-11-03,-0.00519220692611821
2016-11-04,-0.00129316538148372
2016-11-07,0.00737449182187766
2016-11-08,0.00623237025139578
2016-11-09,0.015675599568217
2016-11-10,-0.00252966608407679
2016-11-11,0.00106368219026054
2016-11-14,-0.00239554060902003
2016-11-15,0.00538971807628519
2016-11-16,0.0016086037319607
2016-11-17,0.00459327851620261
2016-11-18,-0.00251061304605826
2016-11-21,0.00410565211441094
2016-11-22,-0.000271997824017434
2016-11-23,0.00295347146492175
2016-11-25,0.00248733719247451
2016-11-28,-0.00275830884015382
2016-11-29,0.00154160054409425
2016-11-30,-0.0059104854719364
2016-12-01,-0.00516631922414568
2016-12-02,0.000546597430992168
2016-12-05,0.00113291340009969
2016-12-06,0.00235113261292219
2016-12-07,0.0143637924025475
2016-12-08,0.00330125954103222
2016-12-09,0.00461299622976274
2016-12-12,-0.00129881482043948
2016-12-13,0.00277435265104797
2016-12-14,-0.0069887037932399
2016-12-15,0.00274154322352427
2016-12-16,-0.00376239376770537
2016-12-19,0.000976605850756762
2016-12-20,0.000840038907065077
2016-12-21,-0.00190063649222072
2016-12-22,-0.000709251296600044
2016-12-23,0.000975739566239309
2016-12-27,0.00084052200840512
2016-12-28,-0.00918281753564953
2016-12-29,-0.00102404274265355
2016-12-30,-0.00476360074792981
2017-01-03,0.0010669037563904
2017-01-04,0.00230078315118809
2017-01-05,0.000751580529643192
2017-01-06,0.00348862883638779
2017-01-09,-0.00119068618804019
2017-01-10,-4.41618088676821e-05
2017-01-11,0.00295949467732681
2017-01-12,0.00070668256702433
2017-01-13,0.000528844035079912
2017-01-17,-0.000485865724381696
2017-01-18,0.00128505756262998
2017-01-19,-0.00440625688477636
2017-01-20,-0.000661229887590986
2017-01-23,-0.00105997703383087
2017-01-24,0.00530082162735224
2017-01-25,0.00393718010411659
2017-01-26,-0.000740837582254739
2017-01-27,-0.00213526233222927
2017-01-30,-0.00227930218287009
2017-01-31,0.00237864505329921
2017-02-01,-0.00328385656114538
2017-02-02,0.00255292926625295
2017-02-03,0.00266655009617067
2017-02-06,0.000524360935110435
2017-02-07,-0.00187445510026163
2017-02-08,0.00315087212342346
2017-02-09,0.00448723534024564
2017-02-10,0.0023816741003766
2017-02-13,0.00288718434887514
2017-02-14,0.0051135166286056
2017-02-15,0.00603957851452064
2017-02-16,-0.000681169909319213
2017-02-17,0.00380065764188409
2017-02-21,0.00373561998556693
2017-02-22,0.00131361498368565
2017-02-23,-0.00160452645357434
2017-02-24,0.00522182126936954
2017-02-27,0.00198597143581503
2017-02-28,-0.00118248236834329
2017-03-01,0.00536755147397994
2017-03-02,-0.0040534893439198
2017-03-03,0.00104940603618342
2017-03-06,0.00113688997431471
2017-03-07,-0.00139017608897118
2017-03-08,-0.00282390626317119
2017-03-09,0.00118373213832745
2017-03-10,-0.000925333841194864
2017-03-13,0.000483915083422604
2017-03-14,-0.000548384375263611
2017-03-15,0.00574676349857905
2017-03-16,-0.00250920040147207
2017-03-17,-0.00281808622502622
2017-03-20,-0.00116532118901569
2017-03-21,-0.0153936866932003
2017-03-22,0.00261063083112223
2017-03-23,0.000299222022740908
2017-03-24,-0.002388467115926
2017-03-27,0.00807043286867204
2017-03-28,0.00827119225165007
2017-03-29,0.00302282016348787
2017-03-30,0.00344007474730312
2017-03-31,-0.00053003158988274
2017-04-03,-0.00222556645965366
2017-04-04,0.00251149327430622
2017-04-05,-0.00660135970830622
2017-04-06,0.00217132152588562
2017-04-07,4.25242388160108e-05
2017-04-10,-0.000212431490844267
2017-04-11,0.00115006176257615
2017-04-12,-0.00193984353349963
2017-04-13,-0.00406400475568647
2017-04-17,0.0060042029420595
2017-04-18,0.000727459454833435
2017-04-19,-0.00507116679451125
2017-04-20,0.00508737383013891
2017-04-21,-0.00278433122914412
2017-04-24,-0.000168662506324857
2017-04-25,0.0028378634041748
2017-04-26,-0.000419216902825537
2017-04-27,8.38258099669087e-05
2017-04-28,-0.00284780969930487
2017-05-01,0.000251477429900726
2017-05-02,-0.000376758204956529
2017-05-03,0.00125934010578455
2017-05-04,-0.000251245760227836
2017-05-05,0.00204865696135825
2017-05-08,-0.000166868299194989
2017-05-09,-0.0018340975406419
2017-05-10,0.00242403978768757
2017-05-11,0.00029247096181173
2017-05-12,-0.000459981600735904
2017-05-15,0.00306876539601686
2017-05-16,-0.00166320166320166
2017-05-17,-0.0105095340982987
2017-05-18,0.00471217524197654
2017-05-19,0.00421407501053528
2017-05-22,0.00273656281514745
2017-05-23,4.16649306280714e-05
2017-05-24,0.00133183501893708
2017-05-25,0.00273802115743615
2017-05-26,0.000310346967910213
2017-05-30,0.000787303692039831
2017-05-31,-0.00158186950093575
2017-06-01,0.00587019429516333
2017-06-02,0.00295797214576221
2017-06-05,-6.14804492170551e-05
2017-06-06,-8.221317877255e-05
2017-06-07,0.000164607431799801
2017-06-08,-0.00025920421026393
2017-06-09,-0.00327533265097246
2017-06-12,0.000740253331140028
2017-06-13,0.00192583486990361
2017-06-14,-0.00183891136447234
2017-06-15,0.00461532121811525
2017-06-16,0.000164887258337076
2017-06-19,0.00443381325594783
2017-06-20,-0.00454638541879993
2017-06-21,-0.00168474687705467
2017-06-22,-0.000781828656077677
2017-06-23,0.00115283267457178
2017-06-26,-0.00250245714803532
2017-06-27,-0.0065854461639776
2017-06-28,0.00354492992580391
2017-06-29,-0.00901122811338961
2017-06-30,-0.00276357036792607
2017-07-03,-0.00485576725237635
2017-07-05,0.000329638633647988
2017-07-06,-0.00496318967656539
2017-07-07,0.00339854111405824
2017-07-10,0.00235741759377972
2017-07-11,-0.000127172460721026
2017-07-12,0.00225937641211016
2017-07-13,0.00196777764112643
2017-07-14,0.00433573298429324
2017-07-17,0.000285202086049541
2017-07-18,0.00293913540433532
2017-07-19,0.00363272869124254
2017-07-20,-0.00105122710548666
2017-07-21,0.00133841661258916
2017-07-24,0.000231810946015543
2017-07-25,-0.00100952996284931
2017-07-26,-0.000928617571059553
2017-07-27,-0.00242151463904661
2017-07-28,0.000486263068320003
2017-07-31,-0.00242581062505054
2017-08-01,-0.000610199628222841
2017-08-02,-0.000202028364782447
2017-08-03,-0.00109201213346821
2017-08-04,-0.000646307965745718
2017-08-07,0.00148778617255907
2017-08-08,-0.000602166181700614
2017-08-09,0.00312423922746086
2017-08-10,-0.00942667912721962
2017-08-11,0.000204867655494656
2017-08-14,0.00350077342668742
2017-08-15,-0.00145813925229854
2017-08-16,-0.000202453739320596
2017-08-17,-0.0123050548629138
2017-08-18,-0.000864553314121053
2017-08-21,0.00119518628420723
2017-08-22,0.00726511513360428
2017-08-23,0.000865235303892486
2017-08-24,-0.00387786758102693
2017-08-25,-0.00171456564337036
2017-08-28,-0.00212149647097226
2017-08-29,0.00724011682915782
2017-08-30,0.00494220479516394
2017-08-31,0.0031726724443768
2017-09-01,-0.000380281343671518
2017-09-05,-0.00525464834276479
2017-09-06,0.000324109711137055
2017-09-07,-0.00121364132853274
2017-09-08,0.000405761817813044
2017-09-11,0.00427229857724387
2017-09-12,0.00184287488482027
2017-09-13,0.00216311488543508
2017-09-14,0.00108073489973171
2017-09-15,0.00192949310608181
2017-09-18,0.000382219807639972
2017-09-19,0.000160044812547389
2017-09-20,-0.000159916843241459
2017-09-21,-0.00185301545246797
2017-09-22,0.00140522744609939
2017-09-25,-0.00108342361863489
2017-09-26,-0.00114304048769731
2017-09-27,0.000403330356371301
2017-09-28,0.00240249859854247
2017-09-29,0.00371598673432683
2017-10-02,0.00330072377316459
2017-10-03,0.00174319559446934
2017-10-04,0.00193928839988922
2017-10-05,0.0047348484848484
2017-10-06,0.000668685835660598
2017-10-09,-0.00255292407996544
2017-10-10,0.000117845779157078
2017-10-11,0.00184654068282719
2017-10-12,-7.81557136736444e-05
2017-10-13,-0.00062727878621549
2017-10-16,-7.83330722230469e-05
2017-10-17,0.00082272282076401
2017-10-18,-0.000781585837664522
2017-10-19,0.00412136436786104
2017-10-20,0.00184133355416338
2017-10-23,-0.00450818079359538
2017-10-24,-0.000233817855890273
2017-10-25,-0.00343508470606602
2017-10-26,-0.00171854860758491
2017-10-27,0.0049251785469846
2017-10-30,-0.000778210116731515
2017-10-31,-7.19484615667731e-05
2017-11-01,-0.00201526954230125
2017-11-02,0.000815850815850894
2017-11-03,0.00244366005973395
2017-11-06,0.00212994235874953
2017-11-07,-0.00108116456869267
2017-11-08,0.00220451732673266
2017-11-09,0.00139621470679496
2017-11-10,0.000891991467907527
2017-11-13,0.0036519036519036
2017-11-14,0.00120416407706658
2017-11-15,-0.000272904483430758
2017-11-16,0.00391692546583844
2017-11-17,-0.00139399806389162
2017-11-20,0.0012404543163933
2017-11-21,0.00299981673145355
2017-11-22,-0.000923041421483806
2017-11-27,-0.000418252717586443
2017-11-28,0.0079763776508035
2017-11-29,-0.00148221343873511
2017-11-30,0.00397983550013281
2017-12-01,-0.00188721974786743
2017-12-04,-0.00829766463918291
2017-12-05,-0.00348326518249287
2017-12-06,0.00121723914945404
2017-12-07,0.00311526479750768
2017-12-08,0.001830154148035
2017-12-11,0.00252192569729348
2017-12-12,0.000825299170949645
2017-12-13,-0.00149739827050488
2017-12-14,-0.00516757161580228
2017-12-15,0.00372825186412573
2017-12-18,0.000671641791044841
2017-12-19,-0.00452994382273597
2017-12-20,-0.00443649107109567
2017-12-21,-0.000485618229361218
2017-12-22,-0.000224265530388013
2017-12-26,0.000224626558346763
2017-12-27,-0.000299166074567259
2017-12-28,0.000112011350483554
2017-12-29,-0.0059224494356912
2018-01-02,0.00399656370223722
2018-01-03,0.00538059084277354
2018-01-04,0.00173329399616451
2018-01-05,0.00311880824833044
2018-01-08,0.00182862158504915
2018-01-09,0.000291492075059185
2018-01-10,0.00193734693131575
2018-01-11,0.00502366217692019
2018-01-12,0.00564501537904838
2018-01-16,-0.00852008305291041
2018-01-17,0.00633435306820229
2018-01-18,0
2018-01-19,0.00200128654134812
2018-01-22,0.00885113672864857
2018-01-23,0.00244187281027708
2018-01-24,-0.00274686575574012
2018-01-25,-0.00309684684684708
2018-01-26,0.00853614974071282
2018-01-29,-0.00461538461538458
2018-01-30,-0.00262039660056645
2018-01-31,-0.00319010283149024
2018-02-01,0.00251590194568552
2018-02-02,-0.016421533628445
2018-02-05,-0.032272244404557
2018-02-06,0.04038959533104
2018-02-07,-0.00297995977054288
2018-02-08,-0.0378196751913384
2018-02-09,0.00495429756509735
2018-02-12,0.0036132498439303
2018-02-13,0.00933409220261794
2018-02-14,0.0188116193857892
2018-02-15,0.00571007552035363
2018-02-16,0.0013199868001319
2018-02-20,-0.00271888892971306
2018-02-21,-0.00658596710695769
2018-02-22,-0.00295072292711718
2018-02-23,0.0102239711669301
2018-02-26,0.00750489449641067
2018-02-27,-0.0128440366972477
2018-02-28,-0.015984762324761
2018-03-01,-0.0138131722410491
2018-03-02,0.0118810392149489
2018-03-05,0.01567105705011
2018-03-06,-0.00139056610678079
2018-03-07,0.00805557608454666
2018-03-08,0.00175438596491206
2018-03-09,0.0105835447625953
2018-03-12,-0.00243570456336417
2018-03-13,-0.0111150822015726
2018-03-14,-0.00974890279876262
2018-03-15,-0.00311741037445179
2018-03-16,-0.00220164122345756
2018-03-19,-0.00912154736610749
2018-03-20,-0.000848176420695568
2018-03-21,-0.00110811509622133
2018-03-22,-0.0149805738194859
2018-03-23,-0.0242048334026702
2018-03-26,0.0110187585786183
2018-03-27,-0.0198638124976488
2018-03-28,-0.00406285933307782
2018-03-29,0.008072538067182
2018-04-02,-0.0181478516146252
2018-04-03,0.00753419364809527
2018-04-04,0.0269754768392372
2018-04-05,0.00128151973163471
2018-04-06,-0.0138097009543041
2018-04-09,-0.00256184758918654
2018-04-10,0.0023059766378104
2018-04-11,0.0006070033005805
2018-04-12,0.00290412612204882
2018-04-13,-0.0086735456856587
2018-04-16,0.00119850187265924
2018-04-17,0.0040369607505728
2018-04-18,-0.000962567042517293
2018-04-19,-0.00318849176924219
2018-04-20,-0.00868142695146201
2018-04-23,-0.00249133943358504
2018-04-24,-0.0176650731998805
2018-04-25,0.00258663319259012
2018-04-26,0.00619639551139151
2018-04-27,-0.00243236163604399
2018-04-30,-0.0109951755862223
2018-05-01,0.00462524168783429
2018-05-02,-0.0056288509686242
2018-05-03,0.00135364435377783
2018-05-04,0.0172862169190759
2018-05-07,0.000824927818815935
2018-05-08,0.00206495213065505
2018-05-09,0.00683728750233525
2018-05-10,0.00632593180690644
2018-05-11,0.00153992641267675
2018-05-14,-0.00171915578477622
2018-05-15,-0.00151046271735933
2018-05-16,0.00346518229070658
2018-05-17,0.000294193358584938
2018-05-18,-0.00110440288617297
2018-05-21,0.000768808347062278
2018-05-22,-0.00489229645856137
2018-05-23,0.00811306442697268
2018-05-24,0.000550055005500649
2018-05-25,-0.00088099258497909
2018-05-29,-0.00443951165371803
2018-05-30,0.00683337642669812
2018-05-31,-0.00426627436557547
2018-06-01,0.00444134488327697
2018-06-04,0.0014389537531192
2018-06-05,0.000508979858939718
2018-06-06,0.00605445383025782
2018-06-07,-0.00194335480620444
2018-06-08,0.00429587379516994
2018-06-11,0.000592672413793238
2018-06-12,-0.000116482236458881
2018-06-13,-0.00426355200458595
2018-06-14,-0.00064539261383989
2018-06-15,0.00267669825652894
2018-06-18,0.00457665903890159
2018-06-19,0.00529081223089833
2018-06-20,-0.00137501809234331
2018-06-21,-0.00601689078980738
2018-06-22,-0.00362699938341016
2018-06-25,-0.00877802567572528
2018-06-26,-0.000662422257387885
2018-06-27,-0.0111274329783329
2018-06-28,0.00571619464756301
2018-06-29,-0.00436889639474258
2018-07-02,0.00916614094333301
2018-07-03,-0.00961802693047542
2018-07-05,0.00245943763306644
2018-07-06,0.00882913247362249
2018-07-09,0.00462745381584173
2018-07-10,0.00111701995878777
2018-07-11,-0.00064960843047368
2018-07-12,0.00352112676056349
2018-07-13,0.00154044565451028
2018-07-16,-0.00067968805895402
2018-07-17,0.00689209562782689
2018-07-18,0.00171080300816207
2018-07-19,-0.0011771420418063
2018-07-20,-0.000357347055460089
2018-07-23,0.00236068388296751
2018-07-24,-0.000887091051025468
2018-07-25,0.00959385992964501
2018-07-26,-0.000282316406112093
2018-07-27,-0.00803552548107433
2018-07-30,-0.00593124023298774
2018-07-31,0.000604874577477377
