"date","r_onfh"
2007-08-01,NA
2007-08-02,0.00436502523530202
2007-08-03,-0.00522778192681095
2007-08-06,0.00544160736709931
2007-08-07,-0.00252095114805484
2007-08-08,0.0079230717139569
2007-08-09,-0.0124298315958299
2007-08-10,-0.00995059017293431
2007-08-13,0.00474096468324858
2007-08-14,-0.000481099656357342
2007-08-15,0.00385261978145146
2007-08-16,-0.00844570617459184
2007-08-17,0.0172158329217527
2007-08-20,-0.000138178803371636
2007-08-21,0.00158894645941277
2007-08-22,0.00938384047471175
2007-08-23,0.000886403927451207
2007-08-24,-0.000272907143344381
2007-08-27,-0.00296976241900648
2007-08-28,-0.00769126054995917
2007-08-29,0.00424613671168039
2007-08-30,-0.00449867084724964
2007-08-31,0.0106062679622281
2007-09-04,0.00488234895232931
2007-09-05,-0.00837633183676201
2007-09-06,0.000338845215505534
2007-09-07,-0.0118702367302894
2007-09-10,0.000891387822270939
2007-09-11,0.00762834169472892
2007-09-12,6.7732321864078e-05
2007-09-13,0.00568951503657544
2007-09-14,-0.00497278408709101
2007-09-17,-0.00369325812516774
2007-09-18,0.00330790521838931
2007-09-19,0.00872703412073483
2007-09-20,-0.0023472647845082
2007-09-21,-6.56469506992163e-05
2007-09-24,-0.00164182045051553
2007-09-25,-0.00534477070273842
2007-09-26,0.0028358504253776
2007-09-27,0.00177200236266972
2007-09-28,0.000261523373651595
2007-10-01,0.00452548042237821
2007-10-02,-0.00122961428941237
2007-10-03,-0.00602214595609663
2007-10-04,-0.0003250975292588
2007-10-05,0.00499481058640372
2007-10-08,-0.00199228791773776
2007-10-09,0.001933114247052
2007-10-10,-0.00396394092449337
2007-10-11,0.00596039223226308
2007-10-12,0.00167374790781505
2007-10-15,-0.00173021467478374
2007-10-16,-0.00400439191371182
2007-10-17,0.0059833506763789
2007-10-18,-0.00421995715120438
2007-10-19,-0.00617604992848775
2007-10-22,-0.00220044008801767
2007-10-23,0.0045155720831398
2007-10-24,-0.00440934517933522
2007-10-25,-0.0043547110055423
2007-10-26,0.00872381204150408
2007-10-29,0.00462691430433382
2007-10-30,-0.00311688311688307
2007-10-31,0.0040506990722593
2007-11-01,-0.0137596899224808
2007-11-02,-0.00477516912057296
2007-11-05,-0.0061540497617788
2007-11-06,0.00512683933683999
2007-11-07,-0.00900782431455061
2007-11-08,0.00155847675836829
2007-11-09,-0.0136921304141531
2007-11-12,0.00247814414538428
2007-11-13,0.0111118827696368
2007-11-14,0.00310391363022955
2007-11-15,-0.0019714479945615
2007-11-16,-0.000275197798417559
2007-11-19,-0.00794302930703916
2007-11-20,0.00884770795597056
2007-11-21,-0.00776699029126193
2007-11-23,0.00839150976658898
2007-11-26,0.0061835614534842
2007-11-27,0.00830965909090908
2007-11-28,0.0146760779928716
2007-11-29,-0.00427843803056027
2007-11-30,0.0110002037074759
2007-12-03,-0.00410940447318775
2007-12-04,-0.00406641816333464
2007-12-05,0.0103711790393013
2007-12-06,0.00201531640467545
2007-12-07,0.000397061743100835
2007-12-10,0.00457741807085044
2007-12-11,0.00039465894889168
2007-12-12,0.0182149362477233
2007-12-13,-0.00817913649772051
2007-12-14,-0.00790302056124847
2007-12-17,-0.00659056937083846
2007-12-18,0.00668642724202106
2007-12-19,0.00390892881634897
2007-12-20,0.00274687542919927
2007-12-21,0.00518665119770678
2007-12-26,0.00310412308522845
2007-12-27,-0.00575404790579426
2007-12-28,0.00569414316702832
2007-12-31,-0.0048119281599458
2008-01-02,0.00204890042343941
2008-01-03,0.00172950536146654
2008-01-04,-0.0103834971618441
2008-01-07,0.00539274817285174
2008-01-08,0.00636222253640617
2008-01-09,0.0037461278005908
2008-01-10,-0.00568262537292241
2008-01-11,-0.00782792665726384
2008-01-14,0.00457110206413835
2008-01-15,-0.0113106178424996
2008-01-16,-0.00362450163102579
2008-01-17,0.0031352533722202
2008-01-18,0.0037529085040906
2008-01-22,-0.0298890482300551
2008-01-23,-0.0136620363303314
2008-01-24,0.00575442792018532
2008-01-25,0.00800000000000001
2008-01-28,-0.000751992780869237
2008-01-29,-0.000591191250369327
2008-01-30,-0.00227823914161829
2008-01-31,-0.00694444444444464
2008-02-01,0.00888371076967887
2008-02-04,-0.00573682323413394
2008-02-05,-0.0141304347826086
2008-02-06,0.00149588631264042
2008-02-07,-0.00572634116937909
2008-02-08,0.000373747944386382
2008-02-11,-0.00420673076923084
2008-02-12,0.00911059666940472
2008-02-13,0.00637320290499499
2008-02-14,-0.00182868846463313
2008-02-15,-0.00651803570105913
2008-02-19,0.00858877535909963
2008-02-20,-0.00666469194312802
2008-02-21,0.00411431930056549
2008-02-22,-7.43604997024416e-05
2008-02-25,-0.00530816868180473
2008-02-26,-0.00305877212147709
2008-02-27,-0.00245753523671854
2008-02-28,-0.00521285838401386
2008-02-29,-0.0134316373457917
2008-03-03,-0.00472866471515421
2008-03-04,-0.00472228468630531
2008-03-05,0.0057177249473368
2008-03-06,-0.00807778608825716
2008-03-07,0.00221678642409429
2008-03-10,-0.00069385552386092
2008-03-11,0.0179884248396684
2008-03-12,7.55344059220064e-05
2008-03-13,-0.0164496230294722
2008-03-14,-0.0188750758035171
2008-03-17,-0.0145454545454545
2008-03-18,0.0225957779515245
2008-03-19,0.00330033003300323
2008-03-20,-0.00222460877569819
2008-03-24,0.0115271604008136
2008-03-25,-0.0034874230169919
2008-03-26,-0.00673824509440968
2008-03-27,0.00171859822162435
2008-03-28,0.00339750849377141
2008-03-31,0.00372907153729063
2008-04-01,0.0158405335758678
2008-04-02,-0.00226591623419348
2008-04-03,-0.00300036589828023
2008-04-04,-7.3104759119702e-05
2008-04-07,0.00671679929911639
2008-04-08,-0.00386720175118571
2008-04-09,-0.00205188333577611
2008-04-10,-0.00221582096166617
2008-04-11,-0.0113285272914521
2008-04-14,-0.00060024009603854
2008-04-15,0.00278593479406664
2008-04-16,0.00913857677902619
2008-04-17,-0.000587285273821903
2008-04-18,0.0148739742086752
2008-04-21,-0.00338299863240477
2008-04-22,-0.00662871964838951
2008-04-23,-0.000581015324279011
2008-04-24,-0.000942233818946092
2008-04-25,0.00100900900900891
2008-04-28,-0.000357756153405719
2008-04-29,-0.00222031227617825
2008-04-30,0.00258862443373853
2008-05-01,0.00231163765079812
2008-05-02,0.00759188307081016
2008-05-05,-0.000990519315126726
2008-05-06,-0.00540117973136256
2008-05-07,-0.00112803158488439
2008-05-08,0.00323090178058583
2008-05-09,-0.00886727688787192
2008-05-12,0.00057582955445179
2008-05-13,-0.00170854986829938
2008-05-14,0.00776353276353281
2008-05-15,0.00163166855845631
2008-05-16,-0.00140301648544383
2008-05-19,0.00287416754293734
2008-05-20,-0.00672127704263814
2008-05-21,0.000353007624964707
2008-05-22,0.00122038765254828
2008-05-23,-0.0071653768988249
2008-05-27,0.00195836657721027
2008-05-28,0.00115323626928054
2008-05-29,0.00114802324747076
2008-05-30,0.00135685210312064
2008-06-02,-0.00599528941545935
2008-06-03,0.000936397032341718
2008-06-04,0.00101412531691403
2008-06-05,0.00731671979136506
2008-06-06,-0.00881683731513072
2008-06-09,0.0044727965977418
2008-06-10,-0.0062211812925419
2008-06-11,-0.00448068165124127
2008-06-12,0.0108987757539563
2008-06-13,0.0060249925617375
2008-06-16,-0.00425219941348987
2008-06-17,0.00183230724127825
2008-06-18,-0.00708487084870857
2008-06-19,-0.00163775776073849
2008-06-20,-0.0152909738717339
2008-06-23,0.00144387871418794
2008-06-24,-0.00774899339056434
2008-06-25,0.00708625419079523
2008-06-26,-0.0113636363636364
2008-06-27,0.0017939318305904
2008-06-30,-0.0017214397496087
2008-07-01,-0.00602315394242814
2008-07-02,0.00444028978733346
2008-07-07,0.0096771634806061
2008-07-08,0.000799424414421601
2008-07-09,-0.00102128996779016
2008-07-10,0.000642828445158727
2008-07-11,-0.00845429893124905
2008-07-14,0.00185453959038862
2008-07-15,-0.0140856538023122
2008-07-16,0.00724578015644295
2008-07-17,0.00530248252590981
2008-07-18,-0.00397109046144073
2008-07-21,0.00547966963151203
2008-07-22,-0.00476190476190474
2008-07-23,0.00148797869841011
2008-07-24,-0.00389954765247236
2008-07-25,0.00446464163278315
2008-07-28,-0.000238644499244156
2008-07-29,0.00744517277656387
2008-07-30,0.00815712362398036
2008-07-31,-0.00311405216037353
2008-08-01,-0.00512456638284453
2008-08-04,-0.0049956387280945
2008-08-05,0.0123288767912897
2008-08-06,-0.00272543217567356
2008-08-07,-0.00906344410876136
2008-08-08,0.00378310214375799
2008-08-11,0.00162012035179759
2008-08-12,-0.00436280137772671
2008-08-13,-0.00580270793036752
2008-08-14,-0.0028722248098122
2008-08-15,0.00470897020225425
2008-08-18,-0.00315263360246076
2008-08-19,-0.00756335282651066
2008-08-20,-0.00291292709809476
2008-08-21,-0.00336700336700335
2008-08-22,0.0090632080631301
2008-08-25,-0.00802964793082162
2008-08-26,0.000550834120239374
2008-08-27,0.000156936597614621
2008-08-28,0.00685038144169381
2008-08-29,-0.00299309286262484
2008-09-02,0.0126660968218197
2008-09-03,0.000312280427824163
2008-09-04,-0.00883088465145354
2008-09-05,-0.0062862669245648
2008-09-08,0.017971758664955
2008-09-09,-0.000943025540275033
2008-09-10,0.00780868716447047
2008-09-11,-0.0143203883495145
2008-09-12,-0.0105967651979921
2008-09-15,-0.0282306163021868
2008-09-16,-0.0211899617749709
2008-09-17,-0.0148506727929111
2008-09-18,0.0192605331040414
2008-09-19,0.0343312049091964
2008-09-22,-0.0110364683301344
2008-09-23,0.00588723051409623
2008-09-24,0.000926549865229109
2008-09-25,0.0127061595422415
2008-09-26,-0.0149574415337576
2008-09-29,-0.0347725774555043
2008-09-30,0.00248160950101917
2008-10-01,-0.0122536418166239
2008-10-02,-0.0185360806966117
2008-10-03,0.0204851752021564
2008-10-06,-0.0347367463853777
2008-10-07,-0.00545779617954267
2008-10-08,0.0138290409860706
2008-10-09,0.00752032520325208
2008-10-10,-0.0356403269754768
2008-10-13,0.0369223966393988
2008-10-14,0.00495736664683721
2008-10-15,-0.029320524367057
2008-10-16,0.0110241428728917
2008-10-17,-0.00254210359072127
2008-10-20,0.0238120548527694
2008-10-21,-0.0107646999086016
2008-10-22,-0.0375916230366492
2008-10-23,-0.0018914107699155
2008-10-24,-0.043382756727073
2008-10-27,-0.00456464681045299
2008-10-28,0.0334668866368135
2008-10-29,-0.00744680851063828
2008-10-30,0.0349870017331022
2008-10-31,-0.00418979784225415
2008-11-03,-0.00195533600905629
2008-11-04,0.0164324100868125
2008-11-05,-0.0142430278884463
2008-11-06,-0.0123637887678122
2008-11-07,0.00706012134583567
2008-11-10,0.0155562707863963
2008-11-11,-0.0292746394882359
2008-11-12,-0.0177580466148723
2008-11-13,-0.00665266106442586
2008-11-14,-0.00907103825136613
2008-11-17,-0.00868075385493994
2008-11-18,0.00234219463637442
2008-11-19,-0.00707656612529006
2008-11-20,-0.0265006779243189
2008-11-21,0.00937293729372923
2008-11-24,0.0201592832254853
2008-11-25,0.0189545561572875
2008-11-26,-0.00918070889018008
2008-11-28,-0.00247079964061114
2008-12-01,-0.0452725250278088
2008-12-02,0.00621269338530861
2008-12-03,-0.0223653395784544
2008-12-04,-0.00377142857142854
2008-12-05,-0.0189679547596607
2008-12-08,0.026124488868696
2008-12-09,-0.0122739726027398
2008-12-10,0.00469798657718101
2008-12-11,-0.00320973990038731
2008-12-12,-0.0120523024445708
2008-12-15,-0.00576596947427932
2008-12-16,0.0123428571428572
2008-12-17,-0.00773083623693394
2008-12-18,-0.00362597516756402
2008-12-19,-0.00067302299495231
2008-12-22,-0.00418599389071173
2008-12-23,0.0079355951696376
2008-12-26,0.00893582453290009
2008-12-29,-0.00189372202456095
2008-12-30,0.00448843365174367
2008-12-31,0.00573678290213708
2009-01-02,-0.00177304964539005
2009-01-05,-0.0100032268473701
2009-01-06,0.0151939655172413
2009-01-07,-0.0144477739726027
2009-01-08,-0.00893054024255791
2009-01-09,-0.0182257356170399
2009-01-12,-0.00695652173913053
2009-01-13,0.00413793103448268
2009-01-14,-0.0244546498277841
2009-01-15,-0.0124481327800829
2009-01-16,0.00899514735471652
2009-01-20,-0.0250647211108497
2009-01-21,0.020218308112131
2009-01-22,-0.019419324131366
2009-01-23,-0.016067890794878
2009-01-26,0.0146793406328962
2009-01-27,0.00860215053763436
2009-01-28,0.0182076140931664
2009-01-29,-0.018529109001487
2009-01-30,-0.00402033818138803
2009-02-02,-0.01233522795985
2009-02-03,-0.00133188037292653
2009-02-04,0.0113351628683929
2009-02-05,-0.0134437642539912
2009-02-06,0.0178360500826837
2009-02-09,-0.000459981600735904
2009-02-10,-0.00618410032239936
2009-02-11,0.00891996142719398
2009-02-12,-0.0242619815943588
2009-02-13,-0.00179232883259639
2009-02-17,-0.0376890553273738
2009-02-18,-0.00227215349659171
2009-02-19,0.0121426764482671
2009-02-20,-0.0112416964741952
2009-02-23,0.00180855186668394
2009-02-24,0.0080235357047338
2009-02-25,-0.0126337501611447
2009-02-26,0.0121014964216006
2009-02-27,-0.0159904850006609
2009-03-02,-0.0191969717453022
2009-03-03,0.00878435817512058
2009-03-04,0.012135922330097
2009-03-05,-0.0174264603373763
2009-03-06,0.0111967427657411
2009-03-09,0.00159790819291117
2009-03-10,0.0343763772587042
2009-03-11,0.0177211684895473
2009-03-12,-0.00123966942148745
2009-03-13,0.00648920672758568
2009-03-16,0.0114323258869908
2009-03-17,-0.00052680100092195
2009-03-18,-0.00702785586506527
2009-03-19,-0.00413067968456626
2009-03-20,-0.00709849157054132
2009-03-23,0.0273758310520142
2009-03-24,-0.0100887322231676
2009-03-25,0.0148864905098622
2009-03-26,0.00614703712810427
2009-03-27,-0.0143080437657809
2009-03-30,-0.0284244057828964
2009-03-31,0.00558375634517772
2009-04-01,-0.00754716981132064
2009-04-02,0.028878193261755
2009-04-03,-0.00047955880589845
2009-04-06,-0.0128189910979228
2009-04-07,-0.0184409052808048
2009-04-08,0.00833742030407048
2009-04-09,0.0304094984250058
2009-04-13,-0.0130505709624795
2009-04-14,-0.00955154338963304
2009-04-15,-0.000355829676194963
2009-04-16,0.00187595263219609
2009-04-17,0.000231053604436093
2009-04-20,-0.0247905428669803
2009-04-21,0
2009-04-22,-0.00505525511403726
2009-04-23,-0.00236574402649636
2009-04-24,0.0106607310215556
2009-04-27,-0.00543104443162157
2009-04-28,-0.00430984274898072
2009-04-29,0.015422362425517
2009-04-30,0.0118938700823423
2009-05-01,-0.000914913083257085
2009-05-04,0.0145686319144094
2009-05-05,-0.00285934235125929
2009-05-06,0.0114904430449674
2009-05-07,0.00314738441502072
2009-05-08,0.0175033025099076
2009-05-11,-0.018166182951736
2009-05-12,-0.00153525605877836
2009-05-13,-0.0159195781147
2009-05-14,0.000563697857948187
2009-05-15,-0.000111806797853164
2009-05-18,0.0103720405862457
2009-05-19,-0.0039452054794521
2009-05-20,0.0142684666886181
2009-05-21,-0.0133598321740089
2009-05-22,-0.00246636771300446
2009-05-26,0.00381807973048853
2009-05-27,0.001204555409549
2009-05-28,0.00607716324710061
2009-05-29,0.00208905992303454
2009-06-01,0.0145709660010793
2009-06-02,0.00116070486440867
2009-06-03,-0.0123339658444023
2009-06-04,0.00106780565937004
2009-06-05,0.00126916975145441
2009-06-08,-0.0120596635988575
2009-06-09,0.00137843282790784
2009-06-10,0.00485898383859706
2009-06-11,0.00874357479730814
2009-06-12,-0.0070615514333896
2009-06-15,-0.0159814951109242
2009-06-16,0.00183071290114145
2009-06-17,-0.00480034911629934
2009-06-18,0.0069891885988862
2009-06-19,0.00401388587546103
2009-06-22,-0.0163096661954986
2009-06-23,0.00548958099932784
2009-06-24,0.0112937493011294
2009-06-25,0.0033292642326046
2009-06-26,-0.00521569053569493
2009-06-29,-0.000544780998038785
2009-06-30,0.00161777394305451
2009-07-01,0.0091274584374661
2009-07-02,-0.0201429499675113
2009-07-06,-0.00411934981073248
2009-07-07,-0.00378086763070073
2009-07-08,0.00295119182746895
2009-07-09,0.00284058629701178
2009-07-10,-0.00260682307605131
2009-07-13,0.000795997270866655
2009-07-14,-0.00124500665778959
2009-07-15,0.0155491839435378
2009-07-16,0.00042858673524071
2009-07-17,-0.00350467289719625
2009-07-20,0.00658663550409022
2009-07-21,0.00304846000210235
2009-07-22,0.000104624398409747
2009-07-23,0.00847812434582362
2009-07-24,-0.00726863226863239
2009-07-27,-0.00152967570874984
2009-07-28,-0.000915099135739617
2009-07-29,-0.00499694064858258
2009-07-30,0.0179370314658354
2009-07-31,0.00212744402796083
2009-08-03,0.00819589193564707
2009-08-04,-0.00209184181691402
2009-08-05,-0.00436984804846552
2009-08-06,-0.00189224180858483
2009-08-07,0.00750901081297561
2009-08-10,-0.00256942385611214
2009-08-11,-0.00693343898573684
2009-08-12,0.00913104555488653
2009-08-13,-0.00377058940265917
2009-08-14,-0.00964756841898018
2009-08-17,-0.0217412885932691
2009-08-18,0.0031049577522142
2009-08-19,-0.00383103135396712
2009-08-20,0.00700000000000012
2009-08-21,0.0096020589982182
2009-08-24,0.00631558492032647
2009-08-25,0.0071886535846124
2009-08-26,-0.0033927879022877
2009-08-27,-0.00901337468501651
2009-08-28,0.000676655389076686
2009-08-31,-0.0120981321978129
2009-09-01,0.00341530054644812
2009-09-02,-0.00139776357827481
2009-09-03,0.00510817307692291
2009-09-04,0
2009-09-08,0.00548643088076806
2009-09-09,0.00320699708454808
2009-09-10,-0.00212027756360833
2009-09-11,0.00381715812577532
2009-09-14,-0.00362768496420041
2009-09-15,-0.000474653502942846
2009-09-16,0.00208096859629214
2009-09-17,0.00503214984623979
2009-09-18,-0.00384507699486702
2009-09-21,-0.00852618757612678
2009-09-22,0.00356975105683421
2009-09-23,-0.000747899159663779
2009-09-24,0.00245005653976627
2009-09-25,-0.000285605483625329
2009-09-28,0.0108165023451707
2009-09-29,0.00536167811118426
2009-09-30,-0.0114129409545368
2009-10-01,-0.0057770622218013
2009-10-02,-0.00650548596951162
2009-10-05,0.00770355923939547
2009-10-06,0.0137460347976543
2009-10-07,-0.000758150113722489
2009-10-08,0.00633270321361068
2009-10-09,0.00262733327080023
2009-10-12,0.00764640059679222
2009-10-13,-0.00657416001485056
2009-10-14,0.00986046511627903
2009-10-15,-0.000930290420752988
2009-10-16,-0.00903037489738201
2009-10-19,-0.000565708513178387
2009-10-20,-0.00182083029861624
2009-10-21,0.00476103277787954
2009-10-22,-0.00360277136258658
2009-10-23,0.000731729625903288
2009-10-26,0.00917923568057755
2009-10-27,0.000842381130662595
2009-10-28,-0.00404059387333211
2009-10-29,0.00833173721509284
2009-10-30,-0.00684546136534137
2009-11-02,0.00781626942005209
2009-11-03,-0.00105404369490225
2009-11-04,0.0085984522785898
2009-11-05,0.0119229301793209
2009-11-06,0.00290099195208682
2009-11-09,0.0103593093793748
2009-11-10,0.000182515057492116
2009-11-11,0.00757437488592805
2009-11-12,0.00245164805230202
2009-11-13,-0.00110997972681648
2009-11-16,0.0133175225759372
2009-11-17,-0.00196924736984083
2009-11-18,-0.00485044462409046
2009-11-19,-0.0159956865564342
2009-11-20,-0.00336976320582871
2009-11-23,0.0183528122717311
2009-11-24,-0.00450815976918217
2009-11-25,0.000585849481748557
2009-11-27,-0.0193050193050194
2009-11-30,0.000821767713659716
2009-12-01,0.010548331363099
2009-12-02,0.00161797752809001
2009-12-03,0.00413260264127202
2009-12-04,0.0157565878837271
2009-12-07,0.00316133622747206
2009-12-08,-0.00970479371671029
2009-12-09,-0.0020986866107261
2009-12-10,0.00727206617580212
2009-12-11,0.00542250338906447
2009-12-14,0.00369604316546757
2009-12-15,-0.00455845548802281
2009-12-16,0.00565897044290709
2009-12-17,-0.0100457440129159
2009-12-18,-0.00099854756717499
2009-12-21,0.00861834346366686
2009-12-22,0.00278426441530444
2009-12-23,0.00205871822413184
2009-12-28,0.00768062873984099
2009-12-29,0.00124179528117785
2009-12-30,-0.000355302895718501
2009-12-31,0.00062194580186592
2010-01-04,0.012473079684135
2010-01-05,-0.00300035298270374
2010-01-06,-0.000528029569655919
2010-01-07,-0.00439599085633902
2010-01-08,-0.00122591943957973
2010-01-11,0.000523697302958981
2010-01-12,-0.00514250849821318
2010-01-13,0.00149568889670948
2010-01-14,-0.000174459176552677
2010-01-15,-0.00617821092934223
2010-01-19,0.00475101178954773
2010-01-20,-0.00947331826872944
2010-01-21,-0.000439020107120935
2010-01-22,-0.00313395415472784
2010-01-25,0.00869804065189528
2010-01-26,-0.00382687927107062
2010-01-27,-0.000640439158279937
2010-01-28,-0.00118364745515798
2010-01-29,0.00700073691967562
2010-02-01,0.0084714205920684
2010-02-02,0.00064220183486241
2010-02-03,-0.000362318840579801
2010-02-04,-0.0173857636992536
2010-02-05,-0.00432046585892731
2010-02-08,-0.00262295081967212
2010-02-09,0.0100576069506091
2010-02-10,-0.00130548302872058
2010-02-11,-0.00271028037383181
2010-02-12,-0.0110093440651309
2010-02-16,0.00554989816700613
2010-02-17,0.00355417843798422
2010-02-18,0.00163250498820955
2010-02-19,-0.00468637346791634
2010-02-22,0.000449680726684054
2010-02-23,-0.00125978583640785
2010-02-24,0.0065579743146007
2010-02-25,-0.0140615412380436
2010-02-26,-0.00189684761990783
2010-03-01,0.00541760722347617
2010-03-02,0.004334420662228
2010-03-03,0.00410091824908609
2010-03-04,0.00338439615247599
2010-03-05,0.00745672436750988
2010-03-08,-0.00035007876772275
2010-03-09,-0.000627461275925389
2010-03-10,0.00270860637833126
2010-03-11,-0.00408766742042088
2010-03-12,0.0020786419539236
2010-03-15,-0.002702468601126
2010-03-16,0.00190476190476185
2010-03-17,0.00532600292071139
2010-03-18,0.000256191289496277
2010-03-19,-0.00350337520293942
2010-03-22,-0.000431183166609173
2010-03-23,0.000437467833247496
2010-03-24,-0.00323624595469252
2010-03-25,0.00564971751412435
2010-03-26,0.00317215363511658
2010-03-29,0.00402914702100299
2010-03-30,0.0034941196522924
2010-03-31,-0.00477123626139564
2010-04-01,0.00897512607915218
2010-04-05,0.00500806383159325
2010-04-06,-0.00218892069371956
2010-04-07,-0.00168053104781118
2010-04-08,-0.00549163710086154
2010-04-09,0.00318541596497135
2010-04-12,0.000418270035134727
2010-04-13,-0.0017535070140281
2010-04-14,0.00367064319679655
2010-04-15,-0.000990344144590316
2010-04-16,-0.00634737449509515
2010-04-19,0.00108914209115274
2010-04-20,0.00579891531080534
2010-04-21,0.00256473897575904
2010-04-22,-0.00986324077911327
2010-04-23,-0.000495867768595115
2010-04-26,-0.00032840722495886
2010-04-27,-0.00395582660293392
2010-04-28,0.00405097476580307
2010-04-29,0.00712310399731853
2010-04-30,-0.00231711353856345
2010-05-03,0.00697046200454432
2010-05-04,-0.0149514079242462
2010-05-05,-0.00629519353466601
2010-05-06,-0.00145510570915008
2010-05-07,-0.00318922749822825
2010-05-10,0.0420485175202157
2010-05-11,-0.00507920110192839
2010-05-12,0.00854700854700852
2010-05-13,-0.0031502767134951
2010-05-14,-0.0151724137931035
2010-05-17,-0.00166812993854271
2010-05-18,0.00754716981132075
2010-05-19,-0.000622720398540944
2010-05-20,-0.0201270238840684
2010-05-21,0.00169242500325462
2010-05-24,-0.00659945004582951
2010-05-25,-0.0233020578332178
2010-05-26,0.0123599935069452
2010-05-27,0.0184787680821277
2010-05-28,-0.00343022206174393
2010-06-01,-0.00731595793324191
2010-06-02,0.00390625
2010-06-03,0.00634575287825223
2010-06-04,-0.0156264113449552
2010-06-07,0.00242967946920847
2010-06-08,-0.00133649289099536
2010-06-09,0.00581777235619785
2010-06-10,0.0242429959437789
2010-06-11,-0.00265592087187461
2010-06-14,0.00556264818529995
2010-06-15,0.00903944485025576
2010-06-16,-0.00214323986426157
2010-06-17,0.00142040378774344
2010-06-18,-0.00651088119871568
2010-06-21,0.0119058275892938
2010-06-22,0.00134698275862077
2010-06-23,-0.000433512822852977
2010-06-24,-0.0108964380551232
2010-06-25,0.000558451228592771
2010-06-28,-0.00500509778478087
2010-06-29,-0.0198176404912542
2010-06-30,0.00201496833621184
2010-07-01,-0.00290951411114337
2010-07-02,0.0015565716509387
2010-07-06,0.0144729121846274
2010-07-07,0.0070963351803246
2010-07-08,0.00603034014887394
2010-07-09,0.000209986000933249
2010-07-12,0.00185322461082293
2010-07-13,0.0108313275319385
2010-07-14,-0.00428597483129678
2010-07-15,-0.00237096480029175
2010-07-16,-0.0152205614290922
2010-07-19,0.00562535158447419
2010-07-20,-0.00903838986209471
2010-07-21,-0.000276574167972776
2010-07-22,0.0183940242763772
2010-07-23,-0.00392837566234239
2010-07-26,0.00199257313649115
2010-07-27,0.0017028141243951
2010-07-28,-0.00107604017216634
2010-07-29,0.00541467376590554
2010-07-30,-0.00562205295611173
2010-08-02,0.0131345177664977
2010-08-03,-0.00505588078765296
2010-08-04,0.00436720142602498
2010-08-05,-0.00416039656545986
2010-08-06,-0.00301311591634179
2010-08-09,0.000711807100275852
2010-08-10,-0.0115958474102961
2010-08-11,-0.0201031844867462
2010-08-12,-0.00860187702271298
2010-08-13,0.00184094256259204
2010-08-16,-0.00461680517082175
2010-08-17,0.00743442925748061
2010-08-18,-0.0035583941605839
2010-08-19,-0.00728730187648019
2010-08-20,-0.00593031875463301
2010-08-23,0.00771805839687567
2010-08-24,-0.0133495145631068
2010-08-25,-0.00824019700700895
2010-08-26,0.0025488530161426
2010-08-27,-0.00142585551330809
2010-08-30,0
2010-08-31,-0.00218361340548756
2010-09-01,0.0165085388994306
2010-09-02,0.00396422974094235
2010-09-03,0.0132468481637127
2010-09-07,-0.00937697231989898
2010-09-08,0.00565332360718518
2010-09-09,0.00978349488178276
2010-09-10,0.00288470206436475
2010-09-13,0.00878766140602583
2010-09-14,-0.0035479865176512
2010-09-15,-0.00213049267643151
2010-09-16,-0.00384581380956595
2010-09-17,-0.00583709206686123
2010-09-20,0.00400035558716327
2010-09-21,-0.00105060409735602
2010-09-22,0.00105263157894742
2010-09-23,-0.0078462487877986
2010-09-24,0.0156236109876433
2010-09-27,-0.00261324041811839
2010-09-28,-0.00463732610027123
2010-09-29,-0.00339958158995812
2010-09-30,0.00834571353666003
2010-10-01,0.00673093777388267
2010-10-04,-0.00148216128601708
2010-10-05,0.0128362933005099
2010-10-06,0.000948030681720224
2010-10-07,-0.00232678386763197
2010-10-08,0.00172577444128064
2010-10-11,0.000343200343200456
2010-10-12,-0.0066009429918561
2010-10-13,0.00598086124401909
2010-10-14,-0.00339299346848765
2010-10-15,0.000170183798502421
2010-10-18,0.00220844304765122
2010-10-19,-0.0133277098270772
2010-10-20,0.00457129637166731
2010-10-21,0.00636294222448464
2010-10-22,-8.4666836000391e-05
2010-10-25,0.00996789998310521
2010-10-26,-0.00446579036063366
2010-10-27,-0.00421194507623623
2010-10-28,0.00367460719716162
2010-10-29,-0.0023634675445261
2010-11-01,0.00683717396809325
2010-11-02,0.00742302825811891
2010-11-03,0.000837867247007518
2010-11-04,0.0120863549220638
2010-11-05,0.00171793193717273
2010-11-08,-0.00513280104285474
2010-11-09,0.000897666068222724
2010-11-10,-0.0049753289473683
2010-11-11,-0.0084385938899042
2010-11-12,-0.00353473078503908
2010-11-15,0.00224625623960062
2010-11-16,-0.00753978172123637
2010-11-17,0.00118493440541689
2010-11-18,0.0110810353578075
2010-11-19,-0.00408435442193877
2010-11-22,-0.00091370136348512
2010-11-23,-0.014949646275489
2010-11-24,0.00945786184766084
2010-11-26,-0.00482609419204538
2010-11-29,-0.00606366851945428
2010-11-30,-0.00629353025090207
2010-12-01,0.0185732376530181
2010-12-02,0.0057846458970332
2010-12-03,-0.00179489271436728
2010-12-06,-0.00215692658310274
2010-12-07,0.00725169070316967
2010-12-08,0.00236098672962637
2010-12-09,0.00503042596348879
2010-12-10,0.00177720332821707
2010-12-13,0.00184724118544688
2010-12-14,0.00184664793255718
2010-12-15,0.000882470918571965
2010-12-16,-0.00265914585012084
2010-12-17,-0.00613029890215566
2010-12-20,0.00152806820009643
2010-12-21,0.00361162108724322
2010-12-22,0.00127632418634338
2010-12-23,-0.000477023374145347
2010-12-27,-0.0032247790429174
2010-12-28,0.000477478911348195
2010-12-29,0.00166931637519885
2010-12-30,-0.000476455173509138
2010-12-31,-0.00254452926208659
2011-01-03,0.0105723370429254
2011-01-04,-0.00133805588351044
2011-01-05,-0.00157567163003236
2011-01-06,-0.00109692078664891
2011-01-07,-0.00109898736164538
2011-01-10,-0.00684392699811209
2011-01-11,0.00236257678374541
2011-01-12,0.00525778858981396
2011-01-13,-0.000544323483670284
2011-01-14,0.000311477962934292
2011-01-18,-0.000850866336633782
2011-01-19,-0.00347409866440196
2011-01-20,-0.00202713238733809
2011-01-21,0.00796315090951683
2011-01-24,-0.000437694704049973
2011-01-25,0.000232324014558971
2011-01-26,0.0019358835372465
2011-01-27,0.00231356520397941
2011-01-28,-0.00046146746654363
2011-01-31,0.0012530346933981
2011-02-01,0.00932618325950108
2011-02-02,-0.000458126195028719
2011-02-03,-0.000536521805779011
2011-02-04,-7.6464291175915e-05
2011-02-07,0.00438429279450991
2011-02-08,0.000606152447340635
2011-02-09,-0.00203635266611368
2011-02-10,-0.00559461707114239
2011-02-11,-0.00166251039068999
2011-02-14,-0.000300503343099834
2011-02-15,-0.00202353293861957
2011-02-16,0.00470791669799264
2011-02-17,-0.00183068071433912
2011-02-18,0.000223430401429914
2011-02-22,-0.00676529626050104
2011-02-23,-0.00204809224000613
2011-02-24,0.00122109440586127
2011-02-25,0.00756129229359193
2011-02-28,0.00536577992744869
2011-03-01,-0.000525762355415349
2011-03-02,0.00221509318667912
2011-03-03,0.0124237804878051
2011-03-04,-0.00164831048175618
2011-03-07,0.00445484747810321
2011-03-08,0.00133170991553166
2011-03-09,-0.00392245606094876
2011-03-10,-0.0151068811843795
2011-03-11,0.00084667487684742
2011-03-14,-0.00428003668602872
2011-03-15,-0.0249096640270623
2011-03-16,-0.0041980875378993
2011-03-17,0.0108549243324618
2011-03-18,0.00641627543036005
2011-03-21,0.0152594099694812
2011-03-22,-0.0019656966660242
2011-03-23,-0.00324825986078903
2011-03-24,0.00185099490976404
2011-03-25,0.00174866310160415
2011-03-28,0.00357937233394279
2011-03-29,-0.00290142780789493
2011-03-30,0.00652305825242716
2011-03-31,-0.000677915034648979
2011-04-01,0.00399788790827493
2011-04-04,0.0013517572844699
2011-04-05,-0.000375262683878774
2011-04-06,0.00427863684131502
2011-04-07,0.00183355785062123
2011-04-08,0.00212432513497296
2011-04-11,0.00316146029356434
2011-04-12,-0.00699781082509243
2011-04-13,0.00235795238457448
2011-04-14,-0.00616157005933371
2011-04-15,0.00159622985709951
2011-04-18,-0.0154486936766378
2011-04-19,0.00183837610111048
2011-04-20,0.0125675984461879
2011-04-21,0.00353038383534887
2011-04-25,7.47663551401434e-05
2011-04-26,0.00396676895441939
2011-04-27,0.000964534797447625
2011-04-28,0.00110603155876721
2011-04-29,-0.000661229887590986
2011-05-02,0.00285798036054508
2011-05-03,-0.00124788959847311
2011-05-04,-0.00390509873268496
2011-05-05,-0.00444971818451489
2011-05-06,0.0102514217300209
2011-05-09,-0.000298129239025058
2011-05-10,0.00489868626141177
2011-05-11,-0.00342188534844345
2011-05-12,-0.00565265898103373
2011-05-13,-0.00148027533121176
2011-05-16,-0.00231291501902564
2011-05-17,-0.0013512499061632
2011-05-18,0.000525564982355897
2011-05-19,0.0041675969338395
2011-05-20,-0.00571810485667612
2011-05-23,-0.0116374794192486
2011-05-24,0.00386246591941841
2011-05-25,-0.00117459836314038
2011-05-26,-0.0034688019338267
2011-05-27,0.00473719828558528
2011-05-31,0.00689035350509282
2011-06-01,-0.00452220327674391
2011-06-02,0.000606704080084786
2011-06-03,-0.00880789673500382
2011-06-06,-0.00337345702675762
2011-06-07,0.00387446726075158
2011-06-08,-0.00341243989452455
2011-06-09,0.00478897368011211
2011-06-10,-0.00830949988405361
2011-06-13,0.00470477534697711
2011-06-14,0.0113556269089199
2011-06-15,-0.00665068440182515
2011-06-16,0.00188931748405885
2011-06-17,0.00267085624509034
2011-06-20,0.000708382526564355
2011-06-21,0.00649780770435338
2011-06-22,0.000308999613750638
2011-06-23,-0.0154659205720058
2011-06-24,-0.00335125867040764
2011-06-27,0.00299684542586753
2011-06-28,0.00593982024228223
2011-06-29,0.00385802469135799
2011-06-30,0.00604252715312836
2011-07-01,0.00106084716223398
2011-07-05,-0.00156821745948776
2011-07-06,-0.00231723725519506
2011-07-07,0.00813675724096741
2011-07-08,-0.00960118168389967
2011-07-11,-0.0109366862584629
2011-07-12,0.00030305326161062
2011-07-13,0.00401820368030936
2011-07-14,0.00614381067961167
2011-07-15,0.00267297999083538
2011-07-18,-0.00713689165591069
2011-07-19,0.00895865237366023
2011-07-20,-0.000678119349005413
2011-07-21,0.00889558989822836
2011-07-22,-0.00312290876645116
2011-07-25,-0.00668747213553278
2011-07-26,-0.00440824865511058
2011-07-27,-0.00945023625590657
2011-07-28,0.00137814868693042
2011-07-29,-0.00852403624635223
2011-08-01,0.00278379214352009
2011-08-02,-0.00341641431788176
2011-08-03,0.000876494023904328
2011-08-04,-0.0161648177496039
2011-08-08,-0.0222129783693844
2011-08-09,0.0165657285358034
2011-08-10,-0.027836894526262
2011-08-11,0.0118485523385301
2011-08-12,0.00583823404073991
2011-08-15,0.0123561272850372
2011-08-16,-0.0119333720062982
2011-08-17,0.0119595216191353
2011-08-18,-0.0330090532145847
2011-08-19,-0.000816397884707887
2011-08-22,0.0129535977286843
2011-08-23,0.00354704265318806
2011-08-24,0.00789835164835173
2011-08-25,-8.46811753747456e-05
2011-08-26,-0.00730742778541948
2011-08-29,0.0178011358820038
2011-08-30,-0.00469715698393069
2011-08-31,0.0116747512949109
2011-09-01,-0.00245378701128751
2011-09-02,-0.0196808070784752
2011-09-06,-0.0214734340519436
2011-09-07,0.0169201845838318
2011-09-08,-0.0043220586267011
2011-09-09,-0.0140300764513148
2011-09-12,-0.000345154888256149
2011-09-13,0.00651242502142235
2011-09-14,0.00161372515712599
2011-09-15,0.00812599480606524
2011-09-16,0.000247035573122556
2011-09-19,-0.0218071099407504
2011-09-20,0.000415558510638459
2011-09-21,0.00183073978530413
2011-09-22,-0.0324435670757875
2011-09-23,0.00177147918511955
2011-09-26,0.0025564174894217
2011-09-27,0.0226314430771879
2011-09-28,0.00595491280306248
2011-09-29,0.0182434193380245
2011-09-30,-0.0162902947767626
2011-10-03,-0.00848431285903672
2011-10-04,-0.018740902474527
2011-10-05,-0.00231481481481477
2011-10-06,-0.00467412196400485
2011-10-07,0.00302960083078019
2011-10-10,0.0229944674965421
2011-10-11,-0.00334476126766459
2011-10-12,0.00961136648558281
2011-10-13,-0.00977549498798769
2011-10-14,0.0125332005312084
2011-10-17,-0.00823951705008974
2011-10-18,-0.00524082855003738
2011-10-19,-0.000978952520802823
2011-10-20,-0.000660501981505912
2011-10-21,0.0143878977226013
2011-10-24,0.00548608309802323
2011-10-25,-0.0119622600018803
2011-10-26,0.0080448561677231
2011-10-27,0.0227737108840802
2011-10-28,-0.00318818040435453
2011-10-31,-0.0135292745509681
2011-11-01,-0.0216957804897503
2011-11-02,0.0124579952462913
2011-11-03,0.00314541495281873
2011-11-04,-0.0107714240456201
2011-11-07,0.00342711405116769
2011-11-08,0.00847390512394086
2011-11-09,-0.0262766872604989
2011-11-10,0.00641389948851168
2011-11-11,0.0148893360160964
2011-11-14,-0.00639355908122186
2011-11-15,0.00111571565189683
2011-11-16,-0.00721535045987953
2011-11-17,-0.00491578692884198
2011-11-18,0.00204766975182236
2011-11-21,-0.0191014920478767
2011-11-22,0.000752131037940806
2011-11-23,-0.0146009901820927
2011-11-25,0.00385835548315194
2011-11-28,0.034592822636301
2011-11-29,0.00417676050455262
2011-11-30,0.0329084395567776
2011-12-01,0.00200096410815598
2011-12-02,0.00848203568856531
2011-12-05,0.0162621164784107
2011-12-06,-0.00158466048649064
2011-12-07,-0.00633362362441614
2011-12-08,-0.00679036715357284
2011-12-09,0.00911510849399044
2011-12-12,-0.014282313734825
2011-12-13,0.00926000483130696
2011-12-14,-0.00536193029490617
2011-12-15,0.0100213569903072
2011-12-16,0.0018086734485101
2011-12-19,0.00303279362209263
2011-12-20,0.0220227707138703
2011-12-21,-0.00540627773743241
2011-12-22,0.00611916264090162
2011-12-23,0.00279307317851729
2011-12-27,0.00269029909795848
2011-12-28,-0.00569349992092361
2011-12-29,0.00384122919334184
2011-12-30,7.13379835131089e-05
2012-01-03,0.0186320566924119
2012-01-04,-0.00188102515871158
2012-01-05,-0.0072838345864662
2012-01-06,-0.00484148055598943
2012-01-09,7.04280460130935e-05
2012-01-10,0.01046875
2012-01-11,-0.00402601424589666
2012-01-12,0.000541627978953851
2012-01-13,-0.00779742144676898
2012-01-17,0.00853121364870102
2012-01-18,0.00378875744220197
2012-01-19,0.00351735739409698
2012-01-20,-0.00159720109522343
2012-01-23,0.00410521514368267
2012-01-24,-0.00607902735562293
2012-01-25,-0.00456412596987676
2012-01-26,0.00565738854944553
2012-01-27,-0.000985744616317841
2012-01-30,-0.00979424493204784
2012-01-31,0.00357795371498182
2012-02-01,0.00792441328863136
2012-02-02,0.00120800302000768
2012-02-03,0.0101831612271048
2012-02-06,-0.00319583797844669
2012-02-07,-0.00386760877649672
2012-02-08,0.0025968244546668
2012-02-09,0.00125804780581684
2012-02-10,-0.00975249353527885
2012-02-13,0.00595370990548472
2012-02-14,-0.0030303702061627
2012-02-15,0.00214449456481569
2012-02-16,0.000780321046373267
2012-02-17,0.00271958838662245
2012-02-21,0.000219941348973629
2012-02-22,-0.000952590312889301
2012-02-23,-0.00257315100720501
2012-02-24,0.00256166288516435
2012-02-27,-0.00577190034339148
2012-02-28,0.00299029975931742
2012-02-29,0.00385286420471065
2012-03-01,0.00657510227936875
2012-03-02,-0.00188775139766206
2012-03-05,-0.00276725895718033
2012-03-06,-0.0123547042912493
2012-03-07,0.0034038604305866
2012-03-08,0.00574712643678166
2012-03-09,0.00156911399795656
2012-03-12,-0.000290782204129036
2012-03-13,0.00436141600639672
2012-03-14,0.00164215336284435
2012-03-15,0.000750428816466586
2012-03-16,-0.00390958203013936
2012-03-19,0.00178189593727729
2012-03-20,-0.00635427760028384
2012-03-21,-0.000320467169918737
2012-03-22,-0.00627629983596034
2012-03-23,-0.000431127398145992
2012-03-26,0.00823487289652713
2012-03-27,0.00155411133088434
2012-03-28,-0.000991782374610284
2012-03-29,-0.00647825158396809
2012-03-30,0.00270931393524454
2012-04-02,-0.000639567936327468
2012-04-03,-0.00119887165021171
2012-04-04,-0.00714892412231027
2012-04-05,-0.00153703174149278
2012-04-09,-0.0132049557927266
2012-04-10,-0.000723327305605759
2012-04-11,0.00927425290740458
2012-04-12,0.00638965970498018
2012-04-13,-0.00655477922639214
2012-04-16,0.0010209290454315
2012-04-17,0.0070078107891085
2012-04-18,-0.00165360557912131
2012-04-19,0.00122637426056826
2012-04-20,0.00569893644052422
2012-04-23,-0.0118828391212935
2012-04-24,0.00131607808729961
2012-04-25,0.0125245758392194
2012-04-26,-0.000431065450104184
2012-04-27,0.000570857713714901
2012-04-30,-0.0049846898810797
2012-05-01,-0.000858246316692957
2012-05-02,-0.00579164297896528
2012-05-03,-0.000356277611515021
2012-05-04,-0.00868691219757323
2012-05-07,-0.000510948905109387
2012-05-08,-0.00649066511085195
2012-05-09,-0.00974216232053926
2012-05-10,0.00655713548957504
2012-05-11,-0.00257296184665146
2012-05-14,-0.00958914214059148
2012-05-15,0.000894587744147968
2012-05-16,0.00749850029993993
2012-05-17,-0.00233345878810687
2012-05-18,0.00183444164182522
2012-05-21,0.00415960560776485
2012-05-22,0.00234937476316799
2012-05-23,-0.00537593700310424
2012-05-24,-0.000680477846665695
2012-05-25,0.00150943396226411
2012-05-29,0.00824882700166496
2012-05-30,-0.0113621913545617
2012-05-31,-0.00622201988011228
2012-06-01,-0.0172584201322893
2012-06-04,-0.00194977382623618
2012-06-05,0.00195053444643833
2012-06-06,0.0125671412737658
2012-06-07,0.00977198697068427
2012-06-08,-0.00295409786396017
2012-06-11,0.00127733112931083
2012-06-12,0.00243401536472199
2012-06-13,-0.00526513726965017
2012-06-14,0.00476947535771055
2012-06-15,-0.000149823956850814
2012-06-18,-0.0017897091722594
2012-06-19,0.0074393691414969
2012-06-20,-0.001252763448784
2012-06-21,-0.00125479775612625
2012-06-22,0.0042276913785293
2012-06-25,-0.0134871871721866
2012-06-26,0.00297074954296161
2012-06-27,0.00500113662195956
2012-06-28,-0.00645742603994603
2012-06-29,0.017094660742526
2012-07-02,0.00102774922918814
2012-07-03,0.00256523013778942
2012-07-05,-0.00553210074246613
2012-07-06,-0.00888125434011922
2012-07-09,-0.00361570247933896
2012-07-10,0.00421920035474099
2012-07-11,0.00126788908765652
2012-07-12,-0.00924131763303038
2012-07-13,0.00928213189610005
2012-07-16,-0.00501105379513622
2012-07-17,0.00251070742874027
2012-07-18,0.00293276633184258
2012-07-19,0.00414998179832549
2012-07-20,-0.00566407668288438
2012-07-23,-0.0173677268063902
2012-07-24,-0.00347813216902237
2012-07-25,0.000597059482050799
2012-07-26,0.0150791280979397
2012-07-27,0.00757481136442095
2012-07-30,0.00187454938716658
2012-07-31,-0.000649022860027215
2012-08-01,0.00275402232207589
2012-08-02,-0.00421450370585674
2012-08-03,0.0170642470364408
2012-08-06,0.00444922856117702
2012-08-07,0.00565780992623366
2012-08-08,-0.00160382065720999
2012-08-09,-7.11895778456872e-05
2012-08-10,-0.00384122919334207
2012-08-13,-0.00106503834138028
2012-08-14,0.00170502983802212
2012-08-15,0.00149190110826947
2012-08-16,0.000354811240420139
2012-08-17,0.000985984928516093
2012-08-20,-0.00260215205007386
2012-08-21,0.00386806385821803
2012-08-22,-0.00116385695140031
2012-08-23,-0.00557162000141043
2012-08-24,-0.00298599758333917
2012-08-27,-0.00063595251554549
2012-08-28,-0.00282645562464678
2012-08-29,3.53606789249561e-05
2012-08-30,-0.00565291124929346
2012-08-31,0.00548159749412691
2012-09-04,-0.00134599036554262
2012-09-05,-0.000212841433132271
2012-09-06,0.0113107657369953
2012-09-07,0.00222624182551834
2012-09-10,-0.000831427977551424
2012-09-11,0.00327457674353804
2012-09-12,0.0032666110647761
2012-09-13,-0.000415713988775712
2012-09-14,0.00497783839072619
2012-09-17,-0.00203804347826075
2012-09-18,-0.00177147918511966
2012-09-19,-0.000682035193015906
2012-09-20,-0.00668029993183361
2012-09-21,-0.00143197928026184
2012-09-24,-0.00356594461200976
2012-09-25,0.00164881310864806
2012-09-26,-0.00263632579436657
2012-09-27,0.00258145538268306
2012-09-28,-0.00711866749602597
2012-10-01,0.00555941626129242
2012-10-02,0.00277142659183793
2012-10-03,-0.000346760797342083
2012-10-04,0.00392859604383489
2012-10-05,0.00485636114911081
2012-10-08,-0.0041053711939788
2012-10-09,-0.00226586102719017
2012-10-10,-0.00214964288190833
2012-10-11,0.00516291076536657
2012-10-12,0.0026429567642956
2012-10-15,0.00153964588144739
2012-10-16,0.00694058856191004
2012-10-17,0.00212955966201833
2012-10-18,-0.00143648676380059
2012-10-19,-0.00568999794337433
2012-10-22,-0.000279037321241682
2012-10-23,-0.01296799832671
2012-10-24,0.00240452616690234
2012-10-25,0.00631160910573736
2012-10-26,-0.00155564983736389
2012-10-31,0.00322009907997156
2012-11-01,0.00644247787610608
2012-11-02,0.00230963045912658
2012-11-05,-0.00296735905044498
2012-11-06,0.00486360752801862
2012-11-07,-0.0128043660789252
2012-11-08,0.00286286859433149
2012-11-09,-0.00021732831063459
2012-11-12,0.00296692958969524
2012-11-13,0.000433933608158021
2012-11-14,0.000290212580715377
2012-11-15,-0.00066215420835769
2012-11-16,-0.00235866440627985
2012-11-19,0.0149571082923969
2012-11-20,-0.00165336783840142
2012-11-21,0.00158011922717805
2012-11-23,0.00544724770642202
2012-11-26,-0.00276282232927161
2012-11-27,0.00124034304344733
2012-11-28,-0.00612448369178165
2012-11-29,0.00636222253640617
2012-11-30,-0.000492472210496642
2012-12-03,0.00366749026812818
2012-12-04,0.000141382723031214
2012-12-05,-0.000212449543233517
2012-12-06,-0.000106022052586807
2012-12-07,0.00126796280642427
2012-12-10,0.000526685393258397
2012-12-11,0.00666619886323772
2012-12-12,0.00264937600223103
2012-12-13,0.0001393631105846
2012-12-14,-0.00308360782115069
2012-12-17,0.00577017803110258
2012-12-18,0.000695555400987757
2012-12-19,-0.00185758513931877
2012-12-20,-0.001732741890768
2012-12-21,-0.0171617616651734
2012-12-24,-0.00378151260504211
2012-12-26,0.00210925964986308
2012-12-27,0.000134076635382119
2012-12-28,-0.00642559956607069
2012-12-31,0.0034297963558414
2013-01-02,0.0209883476063455
2013-01-03,-0.0020535286467247
2013-01-04,0.00246964395966232
2013-01-07,-0.00430386664844917
2013-01-08,-0.00291165690405237
2013-01-09,0.00425999725161463
2013-01-10,0.00479616306954456
2013-01-11,-0.00237981913374574
2013-01-14,-0.0030521378560262
2013-01-15,-0.00340228633641804
2013-01-16,-0.00149619151251357
2013-01-17,0.00421653971708391
2013-01-18,-0.000338020551649443
2013-01-22,0.000539337962650821
2013-01-23,0.000267623403565898
2013-01-24,0.00254401820981442
2013-01-25,0.0043513187843085
2013-01-28,-0.00179760319573885
2013-01-29,-0.000333244468141758
2013-01-30,-6.6370213048339e-05
2013-01-31,0.000999333777481626
2013-02-01,0.00420532674721308
2013-02-04,-0.00482740378256841
2013-02-05,0.00789086532031558
2013-02-06,-0.00152257381173038
2013-02-07,-0.00092610967784601
2013-02-08,0.00536637074334179
2013-02-11,-0.00118592699960474
2013-02-12,1.31787032155994e-05
2013-02-13,0.00302611670284847
2013-02-14,-0.00216876971608826
2013-02-15,0.00131328386630791
2013-02-19,0.00441015057608007
2013-02-20,-0.00196449549667133
2013-02-21,-0.00548542726852164
2013-02-22,0.00405558141081053
2013-02-25,0.00510405690200222
2013-02-26,0.00610697268639693
2013-02-27,0.00226651556562896
2013-02-28,0.00217233888486623
2013-03-01,-0.0046830683991822
2013-03-04,-0.00144613159797535
2013-03-05,0.00713024138156615
2013-03-06,0.0033698399326032
2013-03-07,0.00168273898129589
2013-03-08,0.00155048775760713
2013-03-11,-0.000579001544004143
2013-03-12,-0.000621794871794923
2013-03-13,-0.000963391136801439
2013-03-14,0.00436232999743402
2013-03-15,-0.00816691124864422
2013-03-18,-0.00654517453798775
2013-03-19,0.00296869958050983
2013-03-20,0.00504397309881011
2013-03-21,-0.00340507548988112
2013-03-22,0.00375745011661044
2013-03-25,0.00462992733586254
2013-03-26,0.00535483870967757
2013-03-27,-0.00563596772127573
2013-03-28,0.000128098379555519
2013-04-01,0.000191595350619522
2013-04-02,0.00512623349993602
2013-04-03,-0.00178571428571428
2013-04-04,0.00392889346901981
2013-04-05,-0.0121333838088943
2013-04-08,-0.00109543140666268
2013-04-09,-0.000832319610730492
2013-04-10,0.00567819318616802
2013-04-11,0.000819155639571578
2013-04-12,-0.0037686074995289
2013-04-15,-0.00496227912190339
2013-04-16,0.00820116054158615
2013-04-17,-0.00902217421691331
2013-04-18,-0.00264413775312777
2013-04-19,0.00181617694752556
2013-04-22,0.000578964297201612
2013-04-23,0.0067294147778203
2013-04-24,0.00089342288683314
2013-04-25,0.00323030149480608
2013-04-26,-0.000126143172500814
2013-04-29,0.00284378159757326
2013-04-30,-0.00332642942320971
2013-05-01,-0.00331872260488419
2013-05-02,0.00317490404207921
2013-05-03,0.0107688454795893
2013-05-06,0.000619655471557845
2013-05-07,0.00358489399839312
2013-05-08,0.00116858355372407
2013-05-09,0.000153054977347855
2013-05-10,0.00227161100196471
2013-05-13,-0.00318140104007325
2013-05-14,0.00434144551791626
2013-05-15,-0.000847098686997172
2013-05-16,0.000301023479831519
2013-05-17,0.00526283951364115
2013-05-20,0
2013-05-21,0.00245611933145629
2013-05-22,0.00328967043483464
2013-05-23,-0.0101296352125415
2013-05-24,-0.00670978661669597
2013-05-28,0.0131260585531092
2013-05-29,-0.00583283223090802
2013-05-30,0.00593148529233734
2013-05-31,-0.00120612712579904
2013-06-03,-0.00104013705335282
2013-06-04,0.00285922861662002
2013-06-05,-0.00314975077214752
2013-06-06,0.0027787424035719
2013-06-07,0.00681007990165949
2013-06-10,-0.000303379649293167
2013-06-11,-0.00916484583636801
2013-06-12,0.00429131927415383
2013-06-13,0.00148358780985336
2013-06-14,0.00146154314597147
2013-06-17,0.00998896923642612
2013-06-18,0.00176345393736721
2013-06-19,-0.00199107035115254
2013-06-20,-0.0105842407928547
2013-06-21,-0.00186974526289374
2013-06-24,-0.0160077994779383
2013-06-25,0.00611348150035029
2013-06-26,0.00863862790844316
2013-06-27,0.00830523292119412
2013-06-28,-0.00688264134549743
2013-07-01,0.0102996254681649
2013-07-02,0.00328478462968707
2013-07-03,-0.00342827004219415
2013-07-05,0.00402551557564879
2013-07-08,0.00662576687116578
2013-07-09,0.00524678177048399
2013-07-10,0.000545157186988998
2013-07-11,0.00989949140227653
2013-07-12,-0.000298632264229881
2013-07-15,0.000864639236732412
2013-07-16,-0.00172424044235686
2013-07-17,0.00274594078319002
2013-07-18,0.00345320314360542
2013-07-19,-0.00242761560779203
2013-07-22,-0.000472897085771584
2013-07-23,0.000766961651917475
2013-07-24,-0.000591502688648604
2013-07-25,-0.000593366166261156
2013-07-26,-0.00325599289730683
2013-07-29,-0.00153727901614142
2013-07-30,0.00255086907516167
2013-07-31,0.00326254597223863
2013-08-01,0.0089555779609749
2013-08-02,-0.00257822571194188
2013-08-05,-0.00175510442871363
2013-08-06,-0.00316288877174487
2013-08-07,-0.00506627393225334
2013-08-08,0.00372340425531936
2013-08-09,0.00106013310560105
2013-08-12,-0.00236266981689315
2013-08-13,-0.000118266217255081
2013-08-14,-0.000176876363422007
2013-08-15,-0.0125637074789617
2013-08-16,-0.000240456868049299
2013-08-19,0.00120569086086331
2013-08-20,0.00188141045093171
2013-08-21,-0.00235535692716515
2013-08-22,0.0049216186656944
2013-08-23,0.000963913488764456
2013-08-26,0.00132661024071079
2013-08-27,-0.0074105313893239
2013-08-28,0.00128581925055116
2013-08-29,0.00183016105417289
2013-08-30,-6.09124687822593e-05
2013-09-03,0.0103319679647857
2013-09-04,0.00285922861662002
2013-09-05,0.00332408301158305
2013-09-06,-0.00442997920622001
2013-09-09,0.00602542474996981
2013-09-10,0.00536864710093066
2013-09-11,-0.00236840547101647
2013-09-12,-0.0002951593860685
2013-09-13,0.00189405149452515
2013-09-16,0.00791307428841392
2013-09-17,0.0026422406200457
2013-09-18,-0.000233863423760527
2013-09-19,0.00173310225303291
2013-09-20,-0.00549736705051784
2013-09-23,-0.00363189034034328
2013-09-24,-0.00167716118401695
2013-09-25,-0.00129770542086949
2013-09-26,0.00484977525431751
2013-09-27,-0.00548187444739168
2013-09-30,-0.00793181011009825
2013-10-01,0.0016070471995715
2013-10-02,-0.00586428866709987
2013-10-03,-0.00472953000295606
2013-10-04,0.00286276614779046
2013-10-07,-0.00681037545896013
2013-10-08,0.0005374738727979
2013-10-09,0.000846023688663378
2013-10-10,0.0134980070056769
2013-10-11,0.00212816268621441
2013-10-14,-0.00431743421052644
2013-10-15,-0.00251506112183431
2013-10-16,0.0115196511696423
2013-10-17,-0.0024408670889754
2013-10-18,0.00450871723819435
2013-10-21,0.00131903423754087
2013-10-22,0.00567660550458715
2013-10-23,-0.0068403351764238
2013-10-24,0.000899095178100939
2013-10-25,0.00274050813588356
2013-10-28,0
2013-10-29,0.00215651779127168
2013-10-30,0.000282135199187517
2013-10-31,-0.00229663443817518
2013-11-01,0.00295925335761438
2013-11-04,0.00170309395401635
2013-11-05,-0.00576292274629575
2013-11-06,0.00578493647912892
2013-11-07,0.000112898673440442
2013-11-08,0.000400137189893623
2013-11-11,0.00107205326411997
2013-11-12,-0.000902425267907625
2013-11-13,-0.0016951067917278
2013-11-14,0.00112132765193973
2013-11-15,0.00128325246779326
2013-11-18,-0.000777518604909599
2013-11-19,-0.000445756951022558
2013-11-20,0.00168677390527261
2013-11-21,0.00465142344765757
2013-11-22,0.000667111407605114
2013-11-25,0.000553219738880451
2013-11-26,0.000359801832221729
2013-11-27,0.00232442304499436
2013-11-29,0.00231864855912556
2013-12-02,-0.000884222160817849
2013-12-03,-0.00144020384423638
2013-12-04,-0.00311318656882364
2013-12-05,-0.00186421814134663
2013-12-06,0.00868763618079216
2013-12-09,0.00386889957442094
2013-12-10,-0.0015437203660823
2013-12-11,-0.00265530784975399
2013-12-12,-0.00128721737183801
2013-12-13,-0.000785722303288883
2013-12-16,0.00898321262141377
2013-12-17,-0.00122767857142858
2013-12-18,0.00151150422661384
2013-12-19,-0.00297193175564114
2013-12-20,-0.00107423219942149
2013-12-23,0.0035114293583034
2013-12-24,0.000986517592896918
2013-12-26,0.000278203568642832
2013-12-27,0.000870180018491373
2013-12-30,-0.000788772235217339
2013-12-31,0.00171372613024312
2014-01-02,-0.00542371044646728
2014-01-03,0.00276031702651003
2014-01-06,0.00096936542669579
2014-01-07,0.00597587719298254
2014-01-08,-0.00109027474923673
2014-01-09,0.0027243502424672
2014-01-10,0.00027228666339929
2014-01-13,-0.00157548758624437
2014-01-14,0.00247633722209994
2014-01-15,0.00310322299651555
2014-01-16,-0.00194942329560832
2014-01-17,-0.0021691973969632
2014-01-21,0.00533739992375137
2014-01-22,0.000217167055757583
2014-01-23,-0.00829943043124493
2014-01-24,-0.00787832366779739
2014-01-27,0.00229191123036521
2014-01-28,0.00480871861131416
2014-01-29,-0.00614787513262971
2014-01-30,0.00682382133995052
2014-01-31,-0.0105955833147446
2014-02-03,-0.00230207748455924
2014-02-04,0.00562668657059207
2014-02-05,-0.00496037402360439
2014-02-06,0.00730843896311528
2014-02-07,0.00597452372900453
2014-02-10,0.000222605598530823
2014-02-11,0.0026666666666666
2014-02-12,0.00450673261885148
2014-02-13,-0.00291080843585234
2014-02-14,0.000437039060365851
2014-02-18,0.000163034617683744
2014-02-19,0.00108548168249656
2014-02-20,-0.000327833023713309
2014-02-21,0.00233492615117292
2014-02-24,0.0078842912294057
2014-02-25,-0.00286501973079623
2014-02-26,-0.000865800865801014
2014-02-27,-0.000757993832170234
2014-02-28,0.00295953508394309
2014-03-03,-0.00633285031932596
2014-03-04,0.0123289893473206
2014-03-05,-0.000447546486227357
2014-03-06,0.00442124327491622
2014-03-07,0
2014-03-10,-0.000531321396312623
2014-03-11,-0.00132798384525457
2014-03-12,-0.00486111111111109
2014-03-13,0.00181565737477296
2014-03-14,-0.000701981748474467
2014-03-17,0.00959319646823031
2014-03-18,0.00445422346248781
2014-03-19,0.000799190153977225
2014-03-20,-0.00208913649025078
2014-03-21,-0.00026629740093731
2014-03-24,0.00048332527791195
2014-03-25,0.00631033924815272
2014-03-26,0.00300525920360628
2014-03-27,-0.00259515570934266
2014-03-28,0.00742064781713792
2014-03-31,0.00824886780245859
2014-04-01,0.00502620040637369
2014-04-02,0.000159362549800868
2014-04-03,0.00127064803049559
2014-04-04,0.00185548428139737
2014-04-07,-0.0020923869306293
2014-04-08,-0.000596820574032986
2014-04-09,0.00108043865809515
2014-04-10,-0.00187045746045311
2014-04-11,-0.00251160251160254
2014-04-14,0.00446330174123877
2014-04-15,0.00628587045640883
2014-04-16,0.00455951799381205
2014-04-17,-0.00166550260570575
2014-04-21,0.0020387359836902
2014-04-22,0.00326116011761557
2014-04-23,-0.00117108485042072
2014-04-24,5.33447135389054e-05
2014-04-25,-0.00527100415291226
2014-04-28,0.00343513499007031
2014-04-29,0.00433386837881211
2014-04-30,-0.00181111170297765
2014-05-01,-0.00127395296990274
2014-05-02,0.00196474086661014
2014-05-05,-0.00361567501462223
2014-05-06,-0.00302483549140309
2014-05-07,0.000749384434214795
2014-05-08,0.00345928685471009
2014-05-09,-0.00319676061590923
2014-05-12,0.0069673438995852
2014-05-13,0.0011307830119085
2014-05-14,-0.00136878125822582
2014-05-15,-0.00571277439830742
2014-05-16,0
2014-05-19,0.000744364100382811
2014-05-20,-0.00349687400656984
2014-05-21,0.00589239055084523
2014-05-22,0.00163917089678511
2014-05-23,0.00139718874442907
2014-05-27,0.0039922256658087
2014-05-28,-0.000678709407956557
2014-05-29,0.00240397177946172
2014-05-30,-0.000883667740929295
2014-06-02,-0.000674798858032677
2014-06-03,-0.00127015397376729
2014-06-04,-0.000726103417872603
2014-06-05,0.000672982347155404
2014-06-06,0.00375417845204429
2014-06-09,0.000972463916470545
2014-06-10,-0.00168728908886395
2014-06-11,-0.00327198364008174
2014-06-12,-0.00220592007387266
2014-06-13,0.000490879966930091
2014-06-16,0.000721166228815795
2014-06-17,0.000308800823468847
2014-06-18,0.000975209156700796
2014-06-19,0.000356687898089181
2014-06-20,-0.00315537686396261
2014-06-23,-0.000408267415156871
2014-06-24,-0.00123543766144929
2014-06-25,0.00107858243451475
2014-06-26,-0.00562487216199625
2014-06-27,-0.000972165370446199
2014-06-30,-0.000102145045965285
2014-07-01,0.00434316079914154
2014-07-02,0.000507459656957199
2014-07-03,0.00281383086595
2014-07-07,-0.00171673819742491
2014-07-08,-0.00415105801356686
2014-07-09,0.00096805421103574
2014-07-10,-0.00872520671638
2014-07-11,-0.00129880051952014
2014-07-14,0.00518846329925227
2014-07-15,0.000708537881471738
2014-07-16,0.00354915580794013
2014-07-17,-0.000656665151285485
2014-07-18,0.00383149397097893
2014-07-21,-0.00264313170139596
2014-07-22,0.00405473897617825
2014-07-23,0.000454109692719085
2014-07-24,0
2014-07-25,-0.00264283916435948
2014-07-28,-0.00257953568357705
2014-07-29,0.00202234693361647
2014-07-30,0.00142168062960146
2014-07-31,-0.00852835169297939
2014-08-01,0.00186480186480176
2014-08-04,0.00244168528235233
2014-08-05,-0.00515782958531052
2014-08-06,-0.00109386394416078
2014-08-07,0.00343660505076793
2014-08-08,0.00151824511805665
2014-08-11,0.00473452701304078
2014-08-12,0.00103204499716192
2014-08-13,0.00283662292032649
2014-08-14,0.0014878661946538
2014-08-15,0.00347399611729826
2014-08-18,0.00702498339549384
2014-08-19,0.00321747061207933
2014-08-20,-0.000226825948888454
2014-08-21,0.00216178171032122
2014-08-22,-0.000902300867211436
2014-08-25,0.00557340831492281
2014-08-26,0.00154868361892402
2014-08-27,-0.000748727163821572
2014-08-28,-0.00225195985419691
2014-08-29,0.000149895073448647
2014-09-02,-0.000149476831091233
2014-09-03,0.00269205842763842
2014-09-04,0.00384020747094915
2014-09-05,-0.000249725302167714
2014-09-08,-0.000447471784418063
2014-09-09,-0.00408773678963104
2014-09-10,-0.00153012592183821
2014-09-11,-0.00104958016793288
2014-09-12,-0.00369482724186143
2014-09-15,-0.00258574930233979
2014-09-16,0.00125634453992673
2014-09-17,0.00226943987231265
2014-09-18,0.0036369071343163
2014-09-19,-0.00153640283491108
2014-09-22,-0.00388581676879396
2014-09-23,-0.000502159284925141
2014-09-24,-0.000454545454545485
2014-09-25,-0.00761637520669434
2014-09-26,0.00208842705786472
2014-09-29,-0.0068704218236928
2014-09-30,-0.00156946132037261
2014-10-01,-0.00619289340101525
2014-10-02,0.000617474529175599
2014-10-03,0.00843664797571897
2014-10-06,0.00391797689920126
2014-10-07,-0.00631814939366138
2014-10-08,-0.000206975059505288
2014-10-09,-0.00467860048820168
2014-10-10,0.00207598090097583
2014-10-13,-0.00236195674994755
2014-10-14,0.00240153698366963
2014-10-15,-0.0100133155792277
2014-10-16,-0.00638788984915994
2014-10-17,0.0105240549828178
2014-10-20,0.00233319189561887
2014-10-21,0.00965216477511577
2014-10-22,0.00304045349136817
2014-10-23,0.00901354366664942
2014-10-24,0.000694537060784928
2014-10-27,-0.00504124656278648
2014-10-28,0.0047932282902452
2014-10-29,0.00362958108584976
2014-10-30,-0.00247299888967389
2014-10-31,0.00772123339182773
2014-11-03,0.00114053357135768
2014-11-04,-0.00198265179677826
2014-11-05,0.00402764656158316
2014-11-06,-0.000444729950091483
2014-11-07,-0.00137808839452702
2014-11-10,-9.83429217682463e-05
2014-11-11,-0.000539294994361894
2014-11-12,-0.00244942939707093
2014-11-13,0.0029414648494952
2014-11-14,-0.000342851545280909
2014-11-17,-0.00107711138310895
2014-11-18,0.00376749192680315
2014-11-19,-0.00321089759182691
2014-11-20,-0.00160826551001503
2014-11-21,0.00875528965416605
2014-11-24,0.00169343913295905
2014-11-25,0.00101312234658435
2014-11-26,0.000289603243556424
2014-11-28,-9.63112780506536e-05
2014-12-01,-0.00565034559427702
2014-12-02,0.00247813411078712
2014-12-03,0.00202810372301898
2014-12-04,-0.00211630032225485
2014-12-05,0.00197438120003857
2014-12-08,-0.000528846153846185
2014-12-09,-0.00764688800696933
2014-12-10,-0.00527947302140852
2014-12-11,0.0102377319486144
2014-12-12,-0.00215506685605127
2014-12-15,0.0061731468113706
2014-12-16,-0.00265690796069784
2014-12-17,0.0074268680846763
2014-12-18,0.0154036651807825
2014-12-19,-0.0027562862669247
2014-12-22,0.000968382317338756
2014-12-23,0.00216919739696331
2014-12-24,0.00139590854392302
2014-12-26,0.00365560365560369
2014-12-29,0.00158334133000682
2014-12-30,-0.00292243568246053
2014-12-31,0.000915177496267017
2015-01-02,0.00481704943557792
2015-01-05,-0.0111435665254855
2015-01-06,0.00118533201189286
2015-01-07,0.0108597737964169
2015-01-08,0.0122071760403282
2015-01-09,-0.00441919191919193
2015-01-12,-0.00891370359486721
2015-01-13,0.0134241437173033
2015-01-14,-0.00960063344385609
2015-01-15,-0.00487804878048792
2015-01-16,-0.000251231032057153
2015-01-20,-0.00258000496154809
2015-01-21,0.000643436943179587
2015-01-22,-0.000738588802993823
2015-01-23,-0.00266873695958081
2015-01-26,-0.00307392046840693
2015-01-27,-0.0126399299133652
2015-01-28,0.00458692971639962
2015-01-29,-0.000999650122457063
2015-01-30,-0.00410931775423307
2015-02-02,-0.0024568792619335
2015-02-03,0.00965968197354727
2015-02-04,-0.00263671875000004
2015-02-05,0.0061743519380606
2015-02-06,0.00155204190513136
2015-02-09,-0.000827210354727215
2015-02-10,0.00361699007771654
2015-02-11,0.000435182051158112
2015-02-12,0.00613704455397701
2015-02-13,0.00259460494506802
2015-02-17,-0.00157292659675889
2015-02-18,-0.00190331176246672
2015-02-19,-0.00256959314775151
2015-02-20,-0.00533307937717253
2015-02-23,-0.00241397264164345
2015-02-24,-0.000331423701529387
2015-02-25,-0.00151057401812682
2015-02-26,-0.00335522895893392
2015-02-27,-0.00160824937325577
2015-03-02,0.00275285965162086
2015-03-03,-0.00518867924528299
2015-03-04,-0.00718954248365999
2015-03-05,0.00156970936593259
2015-03-06,-0.00304033829049277
2015-03-09,0.00236167341430504
2015-03-10,-0.00988530569152513
2015-03-11,0.00141477217289498
2015-03-12,0.00811696249572136
2015-03-13,-0.0030418618125635
2015-03-16,0.0085503303536727
2015-03-17,-0.00517133956386295
2015-03-18,-0.00406289066256371
2015-03-19,-0.001995818285497
2015-03-20,0.00162306664120671
2015-03-23,0.00156829198745378
2015-03-24,-0.000285659874309618
2015-03-25,-0.00138882237440729
2015-03-26,-0.00466585662211427
2015-03-27,0.00151013250194865
2015-03-30,0.0107427571456349
2015-03-31,-0.00434552962642853
2015-04-01,-0.00775043596202285
2015-04-02,0.00486003110419908
2015-04-06,0.00062990599864321
2015-04-07,0.0011547344110856
2015-04-08,0.00545208916336959
2015-04-09,9.61584691570039e-05
2015-04-10,0.0014358876178624
2015-04-13,0.00195200914111604
2015-04-14,-0.00167400038262877
2015-04-15,0.00463528737827001
2015-04-16,-0.00213827512473264
2015-04-17,-0.00934112949229893
2015-04-20,0.00899341124416875
2015-04-21,0.00100071479628316
2015-04-22,-0.000405495658811206
2015-04-23,-9.49487276870054e-05
2015-04-24,0.0017047068851217
2015-04-27,0.00316560359083384
2015-04-28,-0.000616815334978149
2015-04-29,-0.00283795288998201
2015-04-30,-0.00593683210638807
2015-05-01,0.00518037033483632
2015-05-04,0.00579049788789221
2015-05-05,-0.00335951547269808
2015-05-06,-0.00258496888463378
2015-05-07,-0.00177858962649624
2015-05-08,0.0115861540671229
2015-05-11,0.000189018051223844
2015-05-12,-0.00740705569536115
2015-05-13,0.00404839016955605
2015-05-14,0.00495143782136753
2015-05-15,0.000282738796475224
2015-05-18,0.000376053089848005
2015-05-19,-9.3857055704194e-05
2015-05-20,-0.00183089995774843
2015-05-21,-9.39584703562035e-05
2015-05-22,-0.00112427975827989
2015-05-26,-0.00657369582570322
2015-05-27,0.00531485787500596
2015-05-28,-0.00390257664096305
2015-05-29,-0.00200009412207636
2015-06-01,0.000947418285172974
2015-06-02,-0.00378598099919647
2015-06-03,0.00279131380990671
2015-06-04,-0.00278393809276645
2015-06-05,-0.00256826182094938
2015-06-08,-0.00219266885933544
2015-06-09,-0.00235045809948675
2015-06-10,0.00695610458143459
2015-06-11,0.00464565062811095
2015-06-12,-0.00562381852551985
2015-06-15,-0.00890476190476197
2015-06-16,0.00155435458415032
2015-06-17,0.00214020736231335
2015-06-18,0.00588738011584855
2015-06-19,-0.00658049353701529
2015-06-22,0.007792824899026
2015-06-23,0.00167531854648417
2015-06-24,-0.001320567844173
2015-06-25,0.00137773765974636
2015-06-26,0.00262141937943849
2015-06-29,-0.00729161702330461
2015-06-30,0.00345599688473519
2015-07-01,0.00942250716401971
2015-07-02,0.00159020817270616
2015-07-06,-0.00438977327544632
2015-07-07,-0.00358006773101105
2015-07-08,-0.00966392615029577
2015-07-09,0.0113947574334898
2015-07-10,0.00971252867392258
2015-07-13,0.00896558372698353
2015-07-14,0.00190694126620894
2015-07-15,0.000664514904120006
2015-07-16,0.00583962398518745
2015-07-17,-0.000989399293286231
2015-07-20,-0.00032948929159804
2015-07-21,0.000376275810168858
2015-07-22,-0.000755608028335297
2015-07-23,-0.000804391028674245
2015-07-24,-0.000290241233287247
2015-07-27,-0.00519280700067304
2015-07-28,0.00377248984329648
2015-07-29,0.00162446249402759
2015-07-30,-0.00550441302078386
2015-07-31,-0.000806489871435945
2015-08-03,-0.000951679574286102
2015-08-04,0.00033371472158672
2015-08-05,0.00745068067828991
2015-08-06,-0.00352229996668096
2015-08-07,-0.0012471818487072
2015-08-10,0.00930601644784312
2015-08-11,-0.00755057460347608
2015-08-12,-0.00977807601974789
2015-08-13,-0.0024414763751256
2015-08-14,0.00162967933662461
2015-08-17,-0.00482330468003833
2015-08-18,-0.00185202773292814
2015-08-19,-0.00804876887174355
2015-08-20,-0.00945660522273428
2015-08-21,-0.00823892893923794
2015-08-24,-0.039131315176673
2015-08-25,0.0230631201182183
2015-08-26,0.0197607348857081
2015-08-27,0.0115131578947369
2015-08-28,-0.000953432356483375
2015-08-31,-0.00903251706142116
2015-09-01,-0.0186740890688259
2015-09-02,0.0103856792442982
2015-09-03,0.00659981581909341
2015-09-04,-0.0136537969828689
2015-09-08,0.0176043830494392
2015-09-09,0.00637942382664169
2015-09-10,-0.00143744545407876
2015-09-11,-0.00592199305697361
2015-09-14,-0.00467550947807094
2015-09-15,0.00244897959183676
2015-09-16,0.000957227064335653
2015-09-17,-0.00027473899795194
2015-09-18,-0.0184221065278333
2015-09-21,0.00608381946576619
2015-09-22,-0.0123180291153416
2015-09-23,-0.000257891479265471
2015-09-24,-0.0111070930412771
2015-09-25,0.00777484061576739
2015-09-28,-0.0109952803277839
2015-09-29,0.00372479114563928
2015-09-30,0.013294336612603
2015-10-01,-0.00307820733552444
2015-10-02,-0.0122820712984648
2015-10-05,0.0119499435839574
2015-10-06,0.00206549118387911
2015-10-07,0.00813871196036797
2015-10-08,-0.00225620456254694
2015-10-09,0.00208527979326112
2015-10-12,-0.000893921334922609
2015-10-13,-0.00188538824113138
2015-10-14,0.0025526920387573
2015-10-15,0.00441511517037174
2015-10-16,0.001482726239312
2015-10-19,-0.00132913261789891
2015-10-20,-0.00034967786357154
2015-10-21,0.00177278770867195
2015-10-22,0.0103557625606976
2015-10-23,0.0119871357567489
2015-10-26,-0.00346971230302151
2015-10-27,-0.00163743537710781
2015-10-28,0.00372736954206587
2015-10-29,-0.00177593797856057
2015-10-30,-0.00100445253028203
2015-11-02,0.00534038970411355
2015-11-03,-0.00237676474782522
2015-11-04,-0.00137940841865758
2015-11-05,0.00228681433596356
2015-11-06,-0.00466400152293933
2015-11-09,-0.00666603180649461
2015-11-10,0
2015-11-11,-0.000527552635365192
2015-11-12,-0.00570506956814787
2015-11-13,-0.00405095417053047
2015-11-16,0.00301175076528093
2015-11-17,0.000753891050583766
2015-11-18,0.00545330606680294
2015-11-19,0.000814527334578985
2015-11-20,0.00671366230278614
2015-11-23,-0.000262717936470036
2015-11-24,-0.00330048789821102
2015-11-25,0.00081192090935156
2015-11-27,-0.000525511179055971
2015-11-30,-0.00160708319411951
2015-12-01,0.00752384147218099
2015-12-02,0.000574641738635195
2015-12-03,-0.00182254196642684
2015-12-04,0.00824416342412437
2015-12-07,-0.00470114010399281
2015-12-08,-0.00974602717365214
2015-12-09,0.00183658678005405
2015-12-10,0.000584826645890102
2015-12-11,-0.0136089787192692
2015-12-14,-0.00138716868962097
2015-12-15,0.0125720478841322
2015-12-16,0.00521722170754302
2015-12-17,-0.00158669102798337
2015-12-18,-0.0117624090975645
2015-12-21,0.00605121024204824
2015-12-22,0.00133895363253145
2015-12-23,0.0066335806594271
2015-12-24,-0.00208717600232988
2015-12-28,-0.0036984768115238
2015-12-29,0.00896193771626286
2015-12-30,-0.00257918333895768
2015-12-31,-0.00488006215402548
2016-01-04,-0.0181925170401609
2016-01-05,-0.000348276033633632
2016-01-06,-0.0110708434691953
2016-01-07,-0.0131294330700739
2016-01-08,0.00746817174372461
2016-01-11,0.00106832039189131
2016-01-12,0.00983965014577248
2016-01-13,0.00242743518231592
2016-01-14,-0.00476593941961456
2016-01-15,-0.0226171243941841
2016-01-19,0.00676323357120046
2016-01-20,-0.0205882352941177
2016-01-21,-0.00366004628882055
2016-01-22,0.0190700664238268
2016-01-25,-0.00456716888025621
2016-01-26,0.0031972716615154
2016-01-27,-0.00310232411399725
2016-01-28,0.00840952583457355
2016-01-29,0.0106402664692822
2016-02-01,-0.00666012700707308
2016-02-02,-0.0129072228819247
2016-02-03,-0.000262977962446675
2016-02-04,-0.000889167843506344
2016-02-05,-0.00767423649177756
2016-02-08,-0.0179303006118647
2016-02-09,-0.000701300102497693
2016-02-10,0.00927823929226457
2016-02-11,-0.00960656268551996
2016-02-12,0.00671910848901991
2016-02-16,0.0088405486498071
2016-02-17,0.00895821257311469
2016-02-18,-0.000777725929382522
2016-02-19,-0.0056238283690897
2016-02-22,0.0130194771377981
2016-02-23,-0.00390163766107088
2016-02-24,-0.0133856630451734
2016-02-25,0.00077631715143367
2016-02-26,0.00322201196747307
2016-02-29,-0.00010659560293147
2016-03-01,0.00749431465784589
2016-03-02,-0.00267433646180237
2016-03-03,-0.00309045226130655
2016-03-04,-0.00235282338806564
2016-03-07,-0.00454137139435074
2016-03-08,-0.00767735181215412
2016-03-09,0.00428513813268805
2016-03-10,0.00686992277605047
2016-03-11,0.00972236143129201
2016-03-14,-0.00434074877916435
2016-03-15,-0.00619768389342945
2016-03-16,4.94608764467497e-05
2016-03-17,-0.00189282202556551
2016-03-18,-0.00141705350598575
2016-03-21,0.000391312854627346
2016-03-22,-0.00244283760015629
2016-03-23,-0.00342147710054264
2016-03-24,-0.00487108836843142
2016-03-28,0.000314069114896176
2016-03-29,-0.00226311128603751
2016-03-30,0.00679990251035822
2016-03-31,-0.000388217595962415
2016-04-01,-0.00496229627827782
2016-04-04,0.000241674319686913
2016-04-05,-0.00809618461240125
2016-04-06,0.000759096919535684
2016-04-07,-0.00547401056048058
2016-04-08,0.00799254682749817
2016-04-11,0.00535373783797
2016-04-12,0.00245122070791259
2016-04-13,0.00653102845488984
2016-04-14,-0.00144601480626871
2016-04-15,-0.000432671506177651
2016-04-18,0
2016-04-19,0.00334480122324154
2016-04-20,0.000560346881402607
2016-04-21,-0.00252308864134054
2016-04-22,0.000813552833077935
2016-04-25,-0.0041150294272454
2016-04-26,0.00402281769809676
2016-04-27,-0.00100492893716808
2016-04-28,-0.00138530620043942
2016-04-29,-0.0065548486601118
2016-05-02,0.00150244753550122
2016-05-03,-0.00899168149252294
2016-05-04,-0.00388066941547427
2016-05-05,0.00214644616810578
2016-05-06,-0.00165869840960098
2016-05-09,0.00267379679144386
2016-05-10,0.00684831706250932
2016-05-11,-0.00345439715971785
2016-05-12,0.000338884585592503
2016-05-13,-0.00161551123160342
2016-05-16,0.0035651494432507
2016-05-17,-0.00241802882290354
2016-05-18,-0.000195236235845386
2016-05-19,-0.00894759953161595
2016-05-20,0.00700225247282349
2016-05-23,-0.000146013822641899
2016-05-24,0.00838410918839871
2016-05-25,0.00654318017801314
2016-05-26,-0.000813019787783142
2016-05-27,0.00168970564630166
2016-05-31,0.00090770694576614
2016-06-01,-0.00385898046688904
2016-06-02,-0.00408997955010226
2016-06-03,-0.00606893935802
2016-06-06,0.00418449833571088
2016-06-07,0.00203453986278679
2016-06-08,0.00344876458638455
2016-06-09,-0.0029669398135066
2016-06-10,-0.00792415452101303
2016-06-13,-0.000447967247453107
2016-06-14,-4.84551909422093e-05
2016-06-15,0.00269127258746615
2016-06-16,-0.00890012033694343
2016-06-17,-0.00724498608578827
2016-06-20,0.0122954787491529
2016-06-21,0.00149138843452312
2016-06-22,0.00143960842650803
2016-06-23,0.0073780341264118
2016-06-24,-0.0229099274296828
2016-06-27,-0.0135321326641079
2016-06-28,0.0126759857708303
2016-06-29,0.00899481967293791
2016-06-30,0
2016-07-01,0.00252983293556097
2016-07-05,-0.00681504074727168
2016-07-06,-0.00359833037470614
2016-07-07,0.00386174016686525
2016-07-08,0.00868658426001057
2016-07-11,0.00376205031742294
2016-07-12,0.00559955016166058
2016-07-13,-0.000325672280636402
2016-07-14,0.00623487809417456
2016-07-15,0.0010181885500069
2016-07-18,0.000741392891895565
2016-07-19,-0.00258780036968576
2016-07-20,0.00164237797825573
2016-07-21,-0.000829149200792356
2016-07-22,-4.62427745664407e-05
2016-07-25,-0.00294618607006392
2016-07-26,0.00125121151982288
2016-07-27,0.0015687722050477
2016-07-28,-0.000138548930864069
2016-07-29,-0.00138389150290619
2016-08-01,-0.000875011513309376
2016-08-02,-0.00276637927059797
2016-08-03,0.000139178844815513
2016-08-04,-0.000508764626983127
2016-08-05,0.00670024490550358
2016-08-08,-4.26273089791929e-05
2016-08-09,0.00174287942026319
2016-08-10,-0.00105422377045417
2016-08-11,0.00243521411505232
2016-08-12,-0.00125771781385775
2016-08-15,0.00286106660563057
2016-08-16,-0.00333143183114659
2016-08-17,-0.00284429764198535
2016-08-18,0.00041214452534688
2016-08-19,-0.00461461141316755
2016-08-22,-0.00215034085190102
2016-08-23,0.00457665903890159
2016-08-24,-0.000844980359915981
2016-08-25,-0.00130805948228385
2016-08-26,0.00224233791297146
2016-08-29,0.00368239355581124
2016-08-30,-0.000183183733284631
2016-08-31,-0.00165160343166482
2016-09-01,-0.000736004416026503
2016-09-02,0.00607147785290452
2016-09-06,0.000915876722993092
2016-09-07,-0.000492993107226058
2016-09-08,-0.00328677074774031
2016-09-09,-0.00919782180936257
2016-09-12,0.000843960990247528
2016-09-13,-0.0104465193676619
2016-09-14,0.001453829198518
2016-09-15,0.00117293797503981
2016-09-16,-0.00956848901481722
2016-09-19,0.00673057091965878
2016-09-20,0.00454566755705521
2016-09-21,0.00531790282528233
2016-09-22,0.00699754390842955
2016-09-23,-0.00267084177564925
2016-09-26,-0.00634317992406697
2016-09-27,0.00224079174641711
2016-09-28,0.00106703781025286
2016-09-29,-0.000415359054827369
2016-09-30,0.00369702212018197
2016-10-03,-0.00415973377703827
2016-10-04,0.00152997357318374
2016-10-05,0.00449422503725794
2016-10-06,-0.00282852638412312
2016-10-07,-0.00282629847565219
2016-10-10,0.00720762613345727
2016-10-11,-0.00555272777752081
2016-10-12,0.000936987584914561
2016-10-13,-0.0104810031817332
2016-10-14,0.00640724746526478
2016-10-17,-0.00225256933689988
2016-10-18,0.00597551789077211
2016-10-19,0.000327577331648676
2016-10-20,-0.000513418903150598
2016-10-21,-0.00336621627939593
2016-10-24,0.00589898801037703
2016-10-25,-0.000232720502676198
2016-10-26,-0.00485572882622098
2016-10-27,0.00159071769439501
2016-10-28,0.000281452293836137
2016-10-31,0.000470543948804858
2016-11-01,-0.000376452872805966
2016-11-02,-0.000521327014218032
2016-11-03,0.000762994754411217
2016-11-04,-0.00158015705803494
2016-11-07,0.0155328026088624
2016-11-08,-0.00255748474894413
2016-11-09,0.00168169290419029
2016-11-10,0.00503673582551634
2016-11-11,-0.00378106699866276
2016-11-14,0.000600572854106973
2016-11-15,0.00189332717617186
2016-11-16,-0.00311569301260028
2016-11-17,0.00298627999816459
2016-11-18,-0.000456725279744163
2016-11-21,0.00489657697235946
2016-11-22,0.00177184135205111
2016-11-23,-0.00294744479209186
2016-11-25,0.00246907987133604
2016-11-28,-0.00212026886813732
2016-11-29,-0.00112904688491877
2016-11-30,0.00253519851509809
2016-12-01,1.27082104115495e-05
2016-12-02,0.00182215743440217
2016-12-05,0.00655558590549021
2016-12-06,-0.000497917798297998
2016-12-07,-0.00133068699535377
2016-12-08,4.45295453535e-05
2016-12-09,0.00266500843919348
2016-12-12,0.00145701796988829
2016-12-13,0.00587923260542844
2016-12-14,-0.000746563611611295
2016-12-15,0.00544440509915023
2016-12-16,-0.00440975437668123
2016-12-19,0.0019993779712979
2016-12-20,0.00412435141247935
2016-12-21,-0.00101603569377573
2016-12-22,-0.00177140073513138
2016-12-23,0.000421416847802059
2016-12-27,0.0040763879657939
2016-12-28,-0.00313826025459696
2016-12-29,0.000623802521944494
2016-12-30,-0.00258501582207971
2017-01-03,0.0064862446879892
2017-01-04,0.00373018340068398
2017-01-05,-0.000750452478700314
2017-01-06,0.000265064499028078
2017-01-09,-0.00246435486710084
2017-01-10,-0.00097134531325882
2017-01-11,0.00163405909110992
2017-01-12,-0.00458028714877123
2017-01-13,0.00278059760780325
2017-01-17,-0.00378804563273583
2017-01-18,0.000618675151354608
2017-01-19,0.000220516891593858
2017-01-20,0.00511175038725376
2017-01-23,-0.00141155712395236
2017-01-24,0.00117163321248559
2017-01-25,0.00584409877845138
2017-01-26,0.00030502418406031
2017-01-27,-0.00115699956389026
2017-01-30,-0.00738023494475737
2017-01-31,-0.00320709955188481
2017-02-01,0.00276850061522227
2017-02-02,-0.000966438235810885
2017-02-03,0.00408306625104271
2017-02-06,-0.00100274665387812
2017-02-07,0.0021836921867493
2017-02-08,-0.00183386469843216
2017-02-09,0.0021813661345198
2017-02-10,0.0022552803920719
2017-02-13,0.00350354242267148
2017-02-14,-0.00111717440811232
2017-02-15,0.000235334388772213
2017-02-16,-0.000851534891642247
2017-02-17,-0.00175819026115109
2017-02-21,0.00442440228026886
2017-02-22,-0.00194544301120736
2017-02-23,0.00160812526449416
2017-02-24,-0.00215690420807779
2017-02-27,0.000291409747444904
2017-02-28,-0.00185594399696365
2017-03-01,0.00968246585768062
2017-03-02,-0.00154327424400424
2017-03-03,-0.00117484160617631
2017-03-06,-0.00377390137537725
2017-03-07,-0.00246046433378189
2017-03-08,0.001476481754904
2017-03-09,0.00126801639967877
2017-03-10,0.00472933029304956
2017-03-13,-0.000799528698872232
2017-03-14,-0.00382738896366086
2017-03-15,0.00263790993120327
2017-03-16,0.000481393109799555
2017-03-17,-0.00390239812175086
2017-03-20,-0.000843597098026061
2017-03-21,0.00168961730168116
2017-03-22,-0.00213876293951576
2017-03-23,-0.00046954368890606
2017-03-24,0.00260672620828184
2017-03-27,-0.00611372381359554
2017-03-28,-0.00119873276821647
2017-03-29,-5.99311429422267e-05
2017-03-30,0.000594252727195599
2017-03-31,-0.000933254327675992
2017-04-03,0.000254550082728677
2017-04-04,-0.0013170752432341
2017-04-05,0.005795932232177
2017-04-06,0.00225752864505679
2017-04-07,-0.00280385742809808
2017-04-10,0.00335927201598851
2017-04-11,-0.00348461669216382
2017-04-12,-0.00163674268209657
2017-04-13,8.54335753952551e-05
2017-04-17,0.00292422808979098
2017-04-18,-0.000511574370124057
2017-04-19,0.00440434447960314
2017-04-20,0.0018841821219
2017-04-21,-0.00102039949001276
2017-04-24,0.0102519288972249
2017-04-25,0.00535593792172739
2017-04-26,0.00105144007043134
2017-04-27,0.000608119443046506
2017-04-28,-0.00035622983110517
2017-05-01,0.00167996640067192
2017-05-02,-0.00121516865702909
2017-05-03,-0.00173792872398337
2017-05-04,-0.000461177259768575
2017-05-05,0.000460732984293166
2017-05-08,-0.00104288336392455
2017-05-09,0.0013351691909711
2017-05-10,-0.000208803140399283
2017-05-11,-0.00537794454867624
2017-05-12,-0.00175431268535142
2017-05-15,0.00418357528343716
2017-05-16,0.000853295594080983
2017-05-17,-0.0097251145356102
2017-05-18,-0.0007207971168115
2017-05-19,0.00557738623399673
2017-05-22,0.00390264372639515
2017-05-23,0.000521855299962404
2017-05-24,0.000708274310474044
2017-05-25,0.00340828795876802
2017-05-26,8.27437838730738e-05
2017-05-30,-0.00101348556300163
2017-05-31,-0.00227724412056973
2017-06-01,0.00223676580233634
2017-06-02,-0.000287686996547687
2017-06-05,-0.000122885347970336
2017-06-06,-0.00125017932900218
2017-06-07,0.00199383350462501
2017-06-08,-0.000328339831725866
2017-06-09,0.00291270101739416
2017-06-12,-0.00340932429657004
2017-06-13,0.00295882304594386
2017-06-14,0.000163585800752486
2017-06-15,-0.00515843773028735
2017-06-16,-0.00652528815784081
2017-06-19,0.00519309236285692
2017-06-20,-0.00327011118378018
2017-06-21,0.000246872942725407
2017-06-22,-0.000205803663305137
2017-06-23,-0.00016472429271519
2017-06-26,0.00493502220760011
2017-06-27,-0.0018497965223826
2017-06-28,0.00403960888299637
2017-06-29,-0.0022180234946193
2017-06-30,0.00294129831393186
2017-07-03,0.00529428795963116
2017-07-05,0.00157135177604095
2017-07-06,-0.00605511389380897
2017-07-07,0.00378252556322223
2017-07-10,-0.0010326311441553
2017-07-11,-0.00139833305826054
2017-07-12,0.00706144697720523
2017-07-13,0.00118862201819825
2017-07-14,0.00126836054171275
2017-07-17,0.000407265618636465
2017-07-18,-0.00150706692191771
2017-07-19,0.00280841711099344
2017-07-20,0.00117413660472088
2017-07-21,-0.00299510260250124
2017-07-24,-0.00117461217546277
2017-07-25,0.00263360479721242
2017-07-26,0.000970128137758319
2017-07-27,0.000646595271772243
2017-07-28,-0.00295688051128551
2017-07-31,0.000486026731470357
2017-08-01,0.00105374077976816
2017-08-02,-0.000521614660202396
2017-08-03,-0.0018186226964112
2017-08-04,0.00117418414446524
2017-08-07,0.000687146321746157
2017-08-08,-0.000968327617510534
2017-08-09,-0.0021472677938138
2017-08-10,-0.00550095053189337
2017-08-11,0.00155871856926049
2017-08-14,0.00850026627340128
2017-08-15,0.000973551841635389
2017-08-16,0.00255546992252453
2017-08-17,-0.00344241049732708
2017-08-18,-0.00378398387693824
2017-08-21,-0.00152457868062139
2017-08-22,0.00547523978100672
2017-08-23,-0.00248573757131221
2017-08-24,-0.00142309170762833
2017-08-25,0.00508175224357665
2017-08-28,0.000408931054224126
2017-08-29,-0.00322989492620296
2017-08-30,0.00106187461711249
2017-08-31,0.00382051698910746
2017-09-01,0.00173793549430123
2017-09-05,-0.00205785057285779
2017-09-06,0.00272247054043073
2017-09-07,-4.0500587258463e-05
2017-09-08,-0.000729069626149159
2017-09-11,0.00803082539038735
2017-09-12,0.00244812778424364
2017-09-13,-0.000439876834486319
2017-09-14,-0.000919338076584952
2017-09-15,-0.00579768092762889
2017-09-18,0.00298896690070216
2017-09-19,8.0099323160665e-05
2017-09-20,0.000200024002880328
2017-09-21,-0.0027989923627495
2017-09-22,-0.0010425020048116
2017-09-25,-0.000761767300136329
2017-09-26,0.00253073029645701
2017-09-27,0.00283075687612921
2017-09-28,-0.000759939204863613
2017-09-29,-0.000159782695534072
2017-10-02,0.00258757961783451
2017-10-03,0.000911649292480998
2017-10-04,-0.000158196559224777
2017-10-05,0.00173803128456318
2017-10-06,-0.00131558278353749
2017-10-09,-0.000550314465408874
2017-10-10,0.00303197353913998
2017-10-11,-0.000667714061272529
2017-10-12,-0.00169568627450978
2017-10-13,0.00121759622937945
2017-10-16,0.00180455847161753
2017-10-17,-7.83392087739809e-05
2017-10-18,0.00101777186252239
2017-10-19,-0.0043803042747077
2017-10-20,0.00285356891564392
2017-10-23,0.000875213941185615
2017-10-24,3.90396252198943e-05
2017-10-25,-0.00290391736503604
2017-10-26,0.00287896592244419
2017-10-27,0.00359951484799881
2017-10-30,-0.00159112076994727
2017-10-31,0.000545171339563888
2017-11-01,0.00458947532184673
2017-11-02,-0.000543668207059866
2017-11-03,-0.000465820426225672
2017-11-06,0.000541711809317391
2017-11-07,0.00146820183911589
2017-11-08,-0.00173946656358714
2017-11-09,-0.00532551229112799
2017-11-10,-0.00185902401239335
2017-11-13,-0.000968691878487249
2017-11-14,-0.00425795463342871
2017-11-15,-0.00711425800193988
2017-11-16,0.00473813516359223
2017-11-17,-0.00131085925083818
2017-11-20,0.00100818178293061
2017-11-21,0.00532347361492902
2017-11-22,7.69349130635977e-05
2017-11-27,0.0030988951765023
2017-11-28,0.0020172135556753
2017-11-29,0.00251093779722256
2017-11-30,0.00460548852434051
2017-12-01,-0.000415282392026595
2017-12-04,0.00748752079866888
2017-12-05,0.000151440578503026
2017-12-06,0.000113981762918103
2017-12-07,0.00125375175715225
2017-12-08,0.00382517800333271
2017-12-11,0.0017891446005498
2017-12-12,0.00101374183374658
2017-12-13,0.00224895985606643
2017-12-14,0.00144340719079206
2017-12-15,-0.00060225091278665
2017-12-18,0.00716617266349018
2017-12-19,-0.00108695652173907
2017-12-20,0.000935558715664975
2017-12-21,0.00127321749550613
2017-12-22,0.000112120192846898
2017-12-26,-0.00100942126514147
2017-12-27,0.000617584309615449
2017-12-28,0.000953877230389422
2017-12-29,0.000447995221384279
2018-01-02,0.00412170263788969
2018-01-03,0.00282738095238089
2018-01-04,0.00497726180352709
2018-01-05,0.00248499797518686
2018-01-08,-0.000186546691539502
2018-01-09,0.00113167597561414
2018-01-10,-0.00422540341674849
2018-01-11,0.00353885443268864
2018-01-12,0.00344103158504772
2018-01-16,0.00748443740779381
2018-01-17,0.00115540150202187
2018-01-18,3.57640999963937e-05
2018-01-19,0.00207751271581058
2018-01-22,0.00101647763749213
2018-01-23,-7.07538826194565e-05
2018-01-24,0.00360093200593092
2018-01-25,-0.000780422346210896
2018-01-26,0.00409488844959061
2018-01-29,-0.00104686464040205
2018-01-30,-0.00944920612617672
2018-01-31,0.00404743307533906
2018-02-01,-0.000886807846475879
2018-02-02,-0.00784801136363644
2018-02-05,-0.00551684088269444
2018-02-06,0.00609432962374146
2018-02-07,0.00326918790400477
2018-02-08,-0.00265261899424651
2018-02-09,0.0117569455222721
2018-02-12,0.00764321473611806
2018-02-13,-0.0047123576867979
2018-02-14,-0.00349610916882825
2018-02-15,0.00645137369767523
2018-02-16,-0.000879120879120898
2018-02-20,-0.00311252700574893
2018-02-21,0.00460523891979525
2018-02-22,0.00455555555555565
2018-02-23,0.0058079313406334
2018-02-26,0.00556991517710892
2018-02-27,-0.000575767389974335
2018-02-28,0.00652379911072254
2018-03-01,-0.00401724836914452
2018-03-02,-0.00806782952975016
2018-03-05,-0.00397577378961833
2018-03-06,0.00170823996179426
2018-03-07,-0.00644948514053278
2018-03-08,0.00186950146627574
2018-03-09,0.00671336835960323
2018-03-12,0.00265404203428732
2018-03-13,0.00502692998204668
2018-03-14,0.00216849181394352
2018-03-15,-5.44919533548294e-05
2018-03-16,-0.00069088396785566
2018-03-19,-0.00543418797184436
2018-03-20,0.00170061739805538
2018-03-21,-0.00121798184099797
2018-03-22,-0.010168990126835
2018-03-23,0.00108089657526445
2018-03-26,0.0179062827022209
2018-03-27,0.00173473620696152
2018-03-28,0.00267531570260626
2018-03-29,0.00273245073891637
2018-04-02,-0.00652776196440108
2018-04-03,0.00326175591193278
2018-04-04,-0.00931855658242897
2018-04-05,0.00606754349391658
2018-04-06,-0.00391492565405593
2018-04-09,0.00881447267128554
2018-04-10,0.0101587058192132
2018-04-11,-0.0024892509617559
2018-04-12,0.010388625592417
2018-04-13,0.00250084615095325
2018-04-16,0.00482727409865724
2018-04-17,0.00751907825826725
2018-04-18,0.00205441421432551
2018-04-19,-0.00377260790768197
2018-04-20,-0.00163653946291753
2018-04-23,0.00150020627836311
2018-04-24,0.00258909145472286
2018-04-25,-0.00756567691898247
2018-04-26,0.00527374132109104
2018-04-27,0.000638353798205094
2018-04-30,0.00337909820691729
2018-05-01,-0.00196634524484773
2018-05-02,-0.00320766821389495
2018-05-03,-0.00392857142857139
2018-05-04,-0.000224286965462062
2018-05-07,0.00654135338345863
2018-05-08,-0.00280993593346068
2018-05-09,0.0027538403896592
2018-05-10,0.00423036960071244
2018-05-11,0.00270210654020087
2018-05-14,0.00410798122065725
2018-05-15,-0.00934339733255174
2018-05-16,0.00287791019444361
2018-05-17,-0.00123066749935707
2018-05-18,-0.00154406088011472
2018-05-21,0.00713127441586203
2018-05-22,0.00212174422007605
2018-05-23,-0.003533167009099
2018-05-24,-0.00548686809569099
2018-05-25,-0.00205240974894627
2018-05-29,-0.00459254904842388
2018-05-30,0.00527684875510936
2018-05-31,-0.00293491818915548
2018-06-01,0.00812587722538227
2018-06-04,0.00507948108898248
2018-06-05,0.00109130592942885
2018-06-06,0.000690406976744162
2018-06-07,0.0019099099099098
2018-06-08,-0.000144232502794384
2018-06-11,0.000988497483824791
2018-06-12,0.000412830039667522
2018-06-13,0.000286758907448448
2018-06-14,0.0028065630397236
2018-06-15,-0.00800086107921938
2018-06-18,-0.0060606060606061
2018-06-19,-0.00878620240807026
2018-06-20,0.00290370585459687
2018-06-21,-0.00164867019349246
2018-06-22,0.00346424534150169
2018-06-25,-0.00975574241927857
2018-06-26,0.00191874838566841
2018-06-27,0.00640765973117285
2018-06-28,0.00063133657667036
2018-06-29,0.00666174570954059
2018-07-02,-0.00413916442346696
2018-07-03,0.00228028241523859
2018-07-05,0.00540140584535687
2018-07-06,0.0022703138159581
2018-07-09,0.00541090169590008
2018-07-10,0.00237504048364467
2018-07-11,-0.00541568036726203
2018-07-12,0.00455021487125773
2018-07-13,-0.00175438596491229
2018-07-16,-0.000536538255177521
2018-07-17,-0.00164667979237532
2018-07-18,-0.000320855614973192
2018-07-19,-0.00451876890233072
2018-07-20,0.000107139030748993
2018-07-23,-0.00085793951526425
2018-07-24,0.00638738224379098
2018-07-25,0.00110096956351891
2018-07-26,-0.00249885615739265
2018-07-27,-0.000801652017367371
2018-07-30,-0.00188303844240734
2018-07-31,0.00275108078173592
