date,volatility
2007-08-01,0.000886340319408844
2007-08-02,0.000570185546700144
2007-08-03,0.000677615305597206
2007-08-06,0.000669019517641974
2007-08-08,0.00052863628562944
2007-08-09,0.000797008368510701
2007-08-10,0.000934052884877644
2007-08-13,0.00050514091712387
2007-08-14,0.000671693141517001
2007-08-17,0.00077402026805224
2007-08-21,0.000579176236010851
2007-08-22,0.000443520212579086
2007-08-23,0.000524707278056456
2007-08-24,0.000390260993711865
2007-08-27,0.000338136135801029
2007-08-28,0.000334795235897727
2007-08-29,0.000411713731552875
2007-08-30,0.000527722674599344
2007-08-31,0.000448172927233242
2007-09-04,0.000314938857262698
2007-09-05,0.000411783852168759
2007-09-06,0.000384976694826123
2007-09-07,0.000447841691969094
2007-09-10,0.000456456749975825
2007-09-11,0.000356368583214599
2007-09-12,0.000401631086909073
2007-09-13,0.000307552299560189
2007-09-14,0.000357670626516974
2007-09-17,0.000300319865463678
2007-09-18,0.000775555467087182
2007-09-19,0.000325507460192688
2007-09-20,0.000326237241716269
2007-09-21,0.000229932923003668
2007-09-24,0.000306469250423991
2007-09-25,0.00033301623438888
2007-09-26,0.000482435341176993
2007-09-27,0.000270309215650639
2007-09-28,0.000262982009111089
2007-10-01,0.000261312768821153
2007-10-02,0.000234696207444913
2007-10-03,0.000263762843937675
2007-10-04,0.000199368005212029
2007-10-05,0.000245805438809627
2007-10-08,0.000177686504785389
2007-10-09,0.000261953804179308
2007-10-10,0.000230749840330067
2007-10-11,0.000439975195887387
2007-10-12,0.000308297239012686
2007-10-15,0.000356838154214404
2007-10-16,0.000392029429353248
2007-10-17,0.000429219217117971
2007-10-18,0.000358210032149933
2007-10-19,0.000477411548886996
2007-10-22,0.000491357479084779
2007-10-23,0.000391186076168125
2007-10-24,0.000628657447006505
2007-10-25,0.000598031343003498
2007-10-26,0.000386254437404698
2007-10-29,0.000270313691559701
2007-10-30,0.000291248585671959
2007-10-31,0.000569582875919768
2007-11-01,0.000516162441893016
2007-11-02,0.0007259921507486
2007-11-05,0.000602477406018242
2007-11-06,0.00040846501270008
2007-11-07,0.000584779113860499
2007-11-08,0.000903747951173924
2007-11-09,0.000802347122529084
2007-11-12,0.000621669604601978
2007-11-13,0.000444485258236586
2007-11-14,0.000498259737403803
2007-11-15,0.000593218482090444
2007-11-16,0.000622711242474019
2007-11-19,0.000572874351682391
2007-11-20,0.000690890555847266
2007-11-21,0.000695552278712309
2007-11-26,0.000509654316896802
2007-11-27,0.000641759060343165
2007-11-28,0.000443242192288648
2007-11-29,0.000487183507554617
2007-11-30,0.000473241301613624
2007-12-03,0.000452194878638918
2007-12-04,0.000379774549575431
2007-12-05,0.000411410720413939
2007-12-06,0.000339861873311854
2007-12-07,0.000341366135357976
2007-12-10,0.000301630547792864
2007-12-11,0.000706847976785208
2007-12-12,0.000634472853405188
2007-12-13,0.000596657102484048
2007-12-14,0.000408772422791358
2007-12-17,0.000466421587977827
2007-12-18,0.000504880930155464
2007-12-19,0.000531401021913156
2007-12-20,0.000402694565754931
2007-12-21,0.000255039859574271
2007-12-26,0.000225375621052688
2007-12-27,0.000292224241538385
2007-12-28,0.000332668907944294
2007-12-31,0.000308645844422022
2008-01-02,0.000517208193588341
2008-01-03,0.000423429972739709
2008-01-04,0.000529566913529155
2008-01-07,0.000622890444181313
2008-01-08,0.000604334632086443
2008-01-09,0.000776719004487876
2008-01-10,0.00088057144432951
2008-01-11,0.000684915243601742
2008-01-14,0.00040880646709463
2008-01-15,0.000556215164584551
2008-01-16,0.000707206341289481
2008-01-17,0.000864135043659224
2008-01-22,0.00132848699795944
2008-01-23,0.00134521541076146
2008-01-24,0.000905375047441624
2008-01-25,0.000758861070684054
2008-01-28,0.000734213084485715
2008-01-29,0.000560336239788632
2008-01-30,0.000726424810291694
2008-01-31,0.00079114172569333
2008-02-01,0.000673171479091732
2008-02-04,0.000458926863934677
2008-02-05,0.000688325650825317
2008-02-06,0.000645951569366743
2008-02-07,0.000797315966841439
2008-02-08,0.000657828281140543
2008-02-11,0.000570946284861981
2008-02-12,0.000495400666476896
2008-02-13,0.000511317105475231
2008-02-14,0.000569677638385787
2008-02-15,0.000513515205180835
2008-02-19,0.000509964324662533
2008-02-20,0.000768291899529425
2008-02-21,0.000560724178699388
2008-02-22,0.000596382064738583
2008-02-25,0.000724345137945281
2008-02-26,0.000568388386578118
2008-02-27,0.000532406117383697
2008-02-28,0.000500293403373158
2008-02-29,0.000523940039065805
2008-03-03,0.000561771969153937
2008-03-04,0.000704659020853017
2008-03-05,0.000734854333056466
2008-03-06,0.000630012306887591
2008-03-07,0.000803136097565359
2008-03-10,0.00069657903979945
2008-03-11,0.000609500596621126
2008-03-12,0.000545822136171848
2008-03-13,0.000909315606024959
2008-03-14,0.00129778285119694
2008-03-17,0.000994124169122327
2008-03-18,0.000878449764757165
2008-03-19,0.000775234174888484
2008-03-20,0.000652896844464836
2008-03-24,0.00050156249472519
2008-03-25,0.000516774613138036
2008-03-26,0.00049665124867804
2008-03-27,0.000592917924830118
2008-03-28,0.000516849530103281
2008-03-31,0.000466837439419524
2008-04-01,0.000494556885850351
2008-04-02,0.00050894537147147
2008-04-03,0.000469938512636728
2008-04-04,0.000459185127991508
2008-04-07,0.00038961815595264
2008-04-08,0.0003891462731102
2008-04-09,0.000419418169732531
2008-04-10,0.000430945434243813
2008-04-11,0.000433098361184088
2008-04-14,0.00041046371796689
2008-04-15,0.000362433876740291
2008-04-16,0.000352789456010028
2008-04-17,0.000383680306359739
2008-04-18,0.000355757827731663
2008-04-21,0.00030254623024664
2008-04-22,0.000417960058991523
2008-04-23,0.000436005500466015
2008-04-24,0.000490699801028057
2008-04-25,0.000436599591432399
2008-04-28,0.000316964085026025
2008-04-30,0.000492841508181452
2008-05-01,0.000427344564346585
2008-05-02,0.000423936109472942
2008-05-05,0.000354023085487708
2008-05-06,0.000376126822232385
2008-05-07,0.000395963662075189
2008-05-08,0.000453380523992013
2008-05-09,0.000351422306169784
2008-05-12,0.000316553572786525
2008-05-13,0.000349825180109943
2008-05-14,0.00026749302411162
2008-05-15,0.000322880073143929
2008-05-16,0.000322714164776077
2008-05-19,0.0003354779038472
2008-05-20,0.000347094988633151
2008-05-21,0.000454696585122338
2008-05-22,0.000414936973127742
2008-05-23,0.000408573385297681
2008-05-27,0.000350905085714877
2008-05-28,0.000374682957684931
2008-05-29,0.000389537932984441
2008-05-30,0.00028443779376223
2008-06-02,0.00037130457327496
2008-06-03,0.000507791632120527
2008-06-04,0.000508694203752272
2008-06-05,0.000381368142129966
2008-06-06,0.000571354265525988
2008-06-09,0.000525575463053584
2008-06-10,0.00051446227198252
2008-06-11,0.0005604109851308
2008-06-12,0.000485228437141626
2008-06-13,0.000542530788992182
2008-06-16,0.000407305313604462
2008-06-17,0.000407435882880905
2008-06-18,0.000453465485893216
2008-06-19,0.000540581280059642
2008-06-20,0.000473152611067349
2008-06-23,0.0004502672020142
2008-06-24,0.000511782172620789
2008-06-25,0.000524189753755208
2008-06-26,0.000556489425597462
2008-06-27,0.000568094548684278
2008-06-30,0.000493646507047767
2008-07-01,0.000733605821260457
2008-07-02,0.000549239497768949
2008-07-07,0.000739954686091879
2008-07-08,0.000791001637779622
2008-07-09,0.00062046033474472
2008-07-10,0.000854313102013954
2008-07-11,0.00107249703626428
2008-07-14,0.000766548558321484
2008-07-15,0.000933773474966837
2008-07-16,0.000696498564992409
2008-07-17,0.000616806195100791
2008-07-18,0.000501217035791717
2008-07-21,0.000467698106059428
2008-07-22,0.00050098952854328
2008-07-23,0.000566034072436602
2008-07-24,0.000491508671868769
2008-07-25,0.000533091368813581
2008-07-28,0.000457876899900639
2008-07-29,0.000488792229261364
2008-07-30,0.000544424043909669
2008-07-31,0.000512532123174571
2008-08-01,0.000614548724773087
2008-08-04,0.000444190553948837
2008-08-05,0.000488667180363763
2008-08-06,0.000397669752450229
2008-08-07,0.000452536975585686
2008-08-08,0.000502192848754105
2008-08-11,0.000387515001981851
2008-08-12,0.000434310604497391
2008-08-13,0.000487433466315151
2008-08-14,0.000471866514879666
2008-08-15,0.000468198546626476
2008-08-18,0.000442458469192558
2008-08-19,0.000466361489006753
2008-08-20,0.000522800386430881
2008-08-21,0.000461721030651072
2008-08-22,0.000348934084376014
2008-08-25,0.000437009072925288
2008-08-26,0.000427595385738775
2008-08-27,0.000361400359101534
2008-08-28,0.000362564171414372
2008-08-29,0.00035725496356832
2008-09-02,0.000465947311991388
2008-09-03,0.000565182583921293
2008-09-04,0.000534847432905475
2008-09-05,0.000683238513138026
2008-09-08,0.000903719988285043
2008-09-09,0.000727299168769701
2008-09-10,0.000689592061095763
2008-09-11,0.000880801775886959
2008-09-12,0.000752668067300168
2008-09-15,0.000972716820509412
2008-09-16,0.00171671852190975
2008-09-17,0.00137337522217323
2008-09-18,0.00173253205800955
2008-09-19,0.00109042313351939
2008-09-22,0.000786192311443214
2008-09-23,0.000965687770055363
2008-09-24,0.000863208707872101
2008-09-25,0.000807235177274608
2008-09-26,0.000849229598748811
2008-09-29,0.00227655476777108
2008-09-30,0.000939464889679993
2008-10-01,0.00112276415509892
2008-10-02,0.000947145284424462
2008-10-03,0.00152008087700489
2008-10-06,0.00186765484702685
2008-10-07,0.00191422809541165
2008-10-08,0.0025208387179621
2008-10-09,0.00205020689515148
2008-10-10,0.00424783265170022
2008-10-13,0.00128218702829363
2008-10-14,0.0021205539278523
2008-10-15,0.00176929423222355
2008-10-16,0.00296207729186081
2008-10-17,0.00198513621222802
2008-10-20,0.00147877530924285
2008-10-21,0.00138758679736248
2008-10-22,0.00153328619965475
2008-10-23,0.0024910214173493
2008-10-24,0.00253189824270077
2008-10-27,0.00193045218309227
2008-10-28,0.0018274023242761
2008-10-29,0.00189203721097975
2008-10-30,0.0016508821954608
2008-10-31,0.00142053308888863
2008-11-03,0.000935572379417734
2008-11-04,0.000868633870409147
2008-11-05,0.00108594292883991
2008-11-06,0.00159400835914299
2008-11-07,0.00135285941512113
2008-11-10,0.00124131097323226
2008-11-11,0.00146686612295482
2008-11-12,0.00135817700863878
2008-11-13,0.00226860048681862
2008-11-14,0.00174031514212141
2008-11-17,0.00169807503234217
2008-11-18,0.00164311839810647
2008-11-19,0.0017421116717807
2008-11-20,0.00267374292642676
2008-11-21,0.00242789989383206
2008-11-24,0.00171725409227044
2008-11-25,0.00166671119054377
2008-11-26,0.00123921724098852
2008-12-01,0.00122456530420565
2008-12-02,0.00140878760879795
2008-12-03,0.00170920505406085
2008-12-04,0.00151117122070624
2008-12-05,0.00176624442573992
2008-12-08,0.00118220356220654
2008-12-09,0.0013502242089114
2008-12-10,0.00119399649911403
2008-12-11,0.00108118955685809
2008-12-12,0.00160051718097301
2008-12-15,0.00103617680627272
2008-12-16,0.00121305810213009
2008-12-17,0.00115083477490139
2008-12-18,0.000940931180772249
2008-12-19,0.000998880267286159
2008-12-22,0.000862945314835395
2008-12-23,0.000904955968491821
2008-12-26,0.000326602418815047
2008-12-29,0.000538166930216223
2008-12-30,0.000570668392149727
2008-12-31,0.000578038868962054
2009-01-02,0.000610885356525686
2009-01-05,0.000800260878625376
2009-01-06,0.000777423958074917
2009-01-07,0.000741068533753658
2009-01-08,0.000752746390004281
2009-01-09,0.000822900053846256
2009-01-12,0.000619780206277865
2009-01-13,0.000941338011592131
2009-01-14,0.000892621954340435
2009-01-15,0.00124245990848809
2009-01-16,0.00113714157896332
2009-01-20,0.00118313669728379
2009-01-21,0.00114687733956563
2009-01-22,0.00135153436759022
2009-01-23,0.00132666595930592
2009-01-26,0.00109009927738686
2009-01-27,0.000994598716684829
2009-01-28,0.00090587079598779
2009-01-29,0.000793207198005523
2009-01-30,0.000970718711058351
2009-02-02,0.000889907300317001
2009-02-03,0.00088968230476655
2009-02-04,0.000911172920297913
2009-02-05,0.00101902945580105
2009-02-06,0.000840353503559727
2009-02-09,0.000662704168233822
2009-02-10,0.00121304330991784
2009-02-11,0.000862185122592218
2009-02-12,0.00110498654356214
2009-02-13,0.000876555423171492
2009-02-17,0.000998199442133413
2009-02-18,0.00112617580549514
2009-02-19,0.000865209348017385
2009-02-20,0.00127972116516632
2009-02-23,0.00102947395320566
2009-02-24,0.00105558394573161
2009-02-25,0.00125240506490725
2009-02-26,0.0010969612892703
2009-02-27,0.00138437357089
2009-03-02,0.00106750514472634
2009-03-03,0.00158397419164692
2009-03-04,0.00109567805209049
2009-03-05,0.00115338695738567
2009-03-06,0.00142180326163709
2009-03-09,0.00124795286087351
2009-03-10,0.0010313479504759
2009-03-11,0.00103009792843489
2009-03-12,0.00096828211236314
2009-03-13,0.000988880177476889
2009-03-16,0.000814840145972898
2009-03-17,0.000898251576091116
2009-03-18,0.00136239416939009
2009-03-19,0.00102403934110541
2009-03-20,0.000846785903097021
2009-03-23,0.000832898029931491
2009-03-24,0.000845804895801154
2009-03-25,0.00105653455858633
2009-03-26,0.00112287560687622
2009-03-27,0.000875736107063711
2009-03-30,0.000787748838523231
2009-03-31,0.000692497031172333
2009-04-01,0.000831315563345775
2009-04-02,0.000840320269695377
2009-04-03,0.000777439116838983
2009-04-06,0.000786557662400518
2009-04-07,0.000681597019199973
2009-04-08,0.000718534047502509
2009-04-09,0.000551202790252983
2009-04-13,0.000640934101804416
2009-04-14,0.000697135698195962
2009-04-15,0.000686594854575645
2009-04-16,0.000680482815163095
2009-04-17,0.000641035012384838
2009-04-20,0.000579483111769123
2009-04-21,0.000750967522343582
2009-04-22,0.000783546955917982
2009-04-23,0.000881512009879695
2009-04-24,0.000828435716136769
2009-04-27,0.00074171981347234
2009-04-28,0.000675326023191348
2009-04-29,0.000691693775290863
2009-04-30,0.000716999076934097
2009-05-01,0.00057278237809191
2009-05-04,0.000568674413053799
2009-05-05,0.000599757873393901
2009-05-06,0.000648765725577939
2009-05-07,0.000713124250694735
2009-05-08,0.000719171973659105
2009-05-11,0.000560340421140262
2009-05-12,0.000582729626695422
2009-05-13,0.000611188617411711
2009-05-14,0.000631449757094601
2009-05-15,0.000616172446790761
2009-05-18,0.000543969962806055
2009-05-19,0.000545131969711578
2009-05-20,0.000633336599492963
2009-05-21,0.000597149218578617
2009-05-22,0.000564691646192879
2009-05-26,0.000632194567556877
2009-05-27,0.000686583627687649
2009-05-28,0.000770685251093716
2009-05-29,0.000685218861960897
2009-06-01,0.000472240475130954
2009-06-02,0.00056843292777315
2009-06-03,0.000492713748583082
2009-06-04,0.000479739526479509
2009-06-05,0.000677034379561361
2009-06-08,0.000518386008178769
2009-06-09,0.000550962185959903
2009-06-10,0.000535692643178318
2009-06-11,0.000539773522059197
2009-06-12,0.000422193065192357
2009-06-15,0.000478901295143434
2009-06-16,0.000515296271485437
2009-06-17,0.000656684224601153
2009-06-18,0.00056136627613903
2009-06-19,0.000407962603321706
2009-06-22,0.000466820261497782
2009-06-23,0.000587091013289062
2009-06-24,0.000591044576035982
2009-06-25,0.000525059466123827
2009-06-26,0.000462768607950418
2009-06-29,0.000405953367824865
2009-06-30,0.000435684844404878
2009-07-01,0.000446224422058979
2009-07-02,0.000410162828926832
2009-07-06,0.000451715657922308
2009-07-07,0.000460662673052606
2009-07-08,0.000605670542259792
2009-07-09,0.000606289738502416
2009-07-10,0.00060777093488202
2009-07-13,0.000527855382781733
2009-07-14,0.000521210563287735
2009-07-15,0.000377859012829208
2009-07-16,0.000445003635495706
2009-07-17,0.000412534510442451
2009-07-20,0.000444526884247133
2009-07-21,0.000499665453325928
2009-07-22,0.000528911311518123
2009-07-23,0.000457223448593165
2009-07-24,0.000456371569335494
2009-07-27,0.000467249145840256
2009-07-28,0.000486662504703663
2009-07-29,0.000525077686546544
2009-07-30,0.00046781805676969
2009-07-31,0.000555081887870993
2009-08-03,0.000482220260709481
2009-08-04,0.000403886343641887
2009-08-05,0.000477752439859728
2009-08-06,0.000496162751264218
2009-08-07,0.000478871432680563
2009-08-10,0.00040421787639386
2009-08-11,0.000418740602418541
2009-08-12,0.000501264582352038
2009-08-13,0.000485209717203873
2009-08-14,0.000482073372861757
2009-08-17,0.000450794443766925
2009-08-18,0.000373362841298982
2009-08-19,0.000465047565820864
2009-08-20,0.00037391236101303
2009-08-21,0.000412725321498712
2009-08-24,0.000374391373153641
2009-08-25,0.000493823805324468
2009-08-26,0.000456438857454247
2009-08-27,0.000435419807968242
2009-08-28,0.000476864822106962
2009-08-31,0.000451922883528235
2009-09-01,0.000695225427183685
2009-09-02,0.000537467789408547
2009-09-03,0.000451837233836807
2009-09-04,0.000405951178321508
2009-09-08,0.000374911496964524
2009-09-09,0.000385631524844692
2009-09-10,0.000393076658232348
2009-09-11,0.000395482436914927
2009-09-14,0.000379916167831463
2009-09-15,0.000382965710636176
2009-09-16,0.000351045443759931
2009-09-17,0.00042732204222237
2009-09-18,0.000328042905327804
2009-09-21,0.00037337648808485
2009-09-22,0.000320974130259183
2009-09-23,0.000455497945240403
2009-09-24,0.000565800242903555
2009-09-25,0.000522699870339063
2009-09-28,0.00039453203169111
2009-09-29,0.000553919635487413
2009-09-30,0.000607652728804282
2009-10-01,0.000612448031752471
2009-10-02,0.000574089021069493
2009-10-05,0.000467215117333863
2009-10-06,0.000461201567666045
2009-10-07,0.000448902562182239
2009-10-08,0.000443075701088173
2009-10-09,0.000293874795719366
2009-10-12,0.000259630215691398
2009-10-13,0.000339606632885351
2009-10-14,0.000316044937008022
2009-10-15,0.000297712963972377
2009-10-16,0.000387865038283191
2009-10-19,0.000325328735151196
2009-10-20,0.000391771838363502
2009-10-21,0.000416677771818623
2009-10-22,0.00051278922854501
2009-10-23,0.00052950734561345
2009-10-26,0.000633549687143622
2009-10-27,0.000622252429447021
2009-10-28,0.00064273256278259
2009-10-29,0.000457206778625492
2009-10-30,0.000801804079201154
2009-11-02,0.000849262234440976
2009-11-03,0.000695253615384339
2009-11-04,0.000680437644483954
2009-11-05,0.000464757977773773
2009-11-06,0.000522023160047308
2009-11-09,0.000316819101843036
2009-11-10,0.000360250058905225
2009-11-11,0.00044360149270241
2009-11-12,0.000472701970736836
2009-11-13,0.000451015563834431
2009-11-16,0.000371509338854418
2009-11-17,0.000358685542446802
2009-11-18,0.000384034402140358
2009-11-19,0.000419219335349757
2009-11-20,0.000344688582164854
2009-11-23,0.000320590450794061
2009-11-24,0.000386343531182183
2009-11-25,0.000272206269986019
2009-11-30,0.000481167115094857
2009-12-01,0.000376184622521257
2009-12-02,0.000377149629070305
2009-12-03,0.000409150105044451
2009-12-04,0.000565041988440542
2009-12-07,0.000391904623745996
2009-12-08,0.000440085839377688
2009-12-09,0.000424479640368497
2009-12-10,0.000377115540794849
2009-12-11,0.00033354933317145
2009-12-14,0.0002473460562769
2009-12-15,0.00025496020741113
2009-12-16,0.000299886191162537
2009-12-17,0.000375862388547893
2009-12-18,0.000319090021773891
2009-12-21,0.000256064540237426
2009-12-22,0.000272041974918657
2009-12-23,0.000235261514036194
2009-12-28,0.000174584995123417
2009-12-29,0.000172694250069514
2009-12-30,0.000237162906325275
2009-12-31,0.000161516060925734
2010-01-04,0.000240405613925001
2010-01-05,0.000236324981079174
2010-01-06,0.000247612616787501
2010-01-07,0.000298654511079084
2010-01-08,0.000253353237812832
2010-01-11,0.000252859421614569
2010-01-12,0.00030950643091032
2010-01-13,0.000327350538013617
2010-01-14,0.000272377185607533
2010-01-15,0.000334939795209257
2010-01-19,0.00025793124764815
2010-01-20,0.000359825876308836
2010-01-21,0.000604928200854427
2010-01-22,0.00058303473700804
2010-01-25,0.000482531220173472
2010-01-26,0.00041880132907935
2010-01-27,0.000640623641929695
2010-01-28,0.000597009360831262
2010-01-29,0.000646474864134167
2010-02-01,0.000439764652659568
2010-02-02,0.00040404336019564
2010-02-03,0.000403410026529939
2010-02-04,0.000556460497439088
2010-02-05,0.000781514735310384
2010-02-08,0.000537859961349876
2010-02-09,0.00071275173631696
2010-02-10,0.000579413451201354
2010-02-11,0.000510115202670007
2010-02-12,0.000553943127625749
2010-02-16,0.000311139264366686
2010-02-17,0.000363712423166272
2010-02-18,0.000322537116237898
2010-02-19,0.00032248261741523
2010-02-22,0.000298476611915622
2010-02-23,0.000448583171877671
2010-02-24,0.00039610005940281
2010-02-25,0.000419543695500885
2010-02-26,0.000422138985451325
2010-03-01,0.000280618430502115
2010-03-02,0.000296773208523916
2010-03-03,0.000290720617344621
2010-03-04,0.000278435005561627
2010-03-05,0.00022516205982585
2010-03-08,0.000236900345576517
2010-03-09,0.000267102856344881
2010-03-10,0.000325431302157049
2010-03-11,0.000293519659355505
2010-03-12,0.000309381019087982
2010-03-15,0.000280530522051358
2010-03-16,0.000299141010439517
2010-03-17,0.000238943600890416
2010-03-18,0.000251899343016534
2010-03-19,0.000275190670079953
2010-03-22,0.000304950785671605
2010-03-23,0.000305925525432735
2010-03-24,0.000335183468062589
2010-03-25,0.000333417697712086
2010-03-26,0.000372548795988502
2010-03-29,0.000266489484821247
2010-03-30,0.000277150203629939
2010-03-31,0.000294349856588578
2010-04-01,0.000271223108115146
2010-04-05,0.000225019370136844
2010-04-06,0.000210179065288864
2010-04-07,0.000336158487260367
2010-04-08,0.000272077777999011
2010-04-09,0.000260619049627574
2010-04-12,0.000244758189443969
2010-04-13,0.000235502882136735
2010-04-14,0.000211353775102435
2010-04-15,0.000225700217100401
2010-04-16,0.000548019150114927
2010-04-19,0.000422337673467638
2010-04-20,0.000271222635975101
2010-04-21,0.000321843035421028
2010-04-22,0.00040488716613402
2010-04-23,0.000348721056771373
2010-04-26,0.000301358815690512
2010-04-27,0.000541230085427611
2010-04-28,0.000534204786151993
2010-04-29,0.000329771472464108
2010-04-30,0.000464833361761091
2010-05-03,0.000341198512323247
2010-05-04,0.000542576225643046
2010-05-05,0.000607215128281176
2010-05-06,0.00245493190352783
2010-05-07,0.00154993843440899
2010-05-10,0.000711213140764067
2010-05-11,0.000595483752049663
2010-05-12,0.000476685704461035
2010-05-13,0.000471009104705488
2010-05-14,0.000746810174918154
2010-05-17,0.000737425893129417
2010-05-18,0.000724465883972765
2010-05-19,0.000877574185151343
2010-05-20,0.00103747389516134
2010-05-21,0.00100634962404782
2010-05-24,0.000647760487604829
2010-05-25,0.000926394216044463
2010-05-26,0.000750105112840404
2010-05-27,0.000563800127287386
2010-05-28,0.000723049934302752
2010-06-01,0.000682296759263213
2010-06-02,0.000531882477790852
2010-06-03,0.000579568363842626
2010-06-04,0.000667272520389107
2010-06-07,0.000600221221792805
2010-06-08,0.000821032624622829
2010-06-09,0.000605708840151526
2010-06-10,0.000562255523398587
2010-06-11,0.000488989726550109
2010-06-14,0.000503294389521658
2010-06-15,0.00040210152090145
2010-06-16,0.000452463066482349
2010-06-17,0.000478167046504406
2010-06-18,0.000352798734749745
2010-06-21,0.000463907431153259
2010-06-22,0.000554360445978751
2010-06-23,0.000662996583524374
2010-06-24,0.000572771098809569
2010-06-25,0.000603434410485056
2010-06-28,0.000476107455902579
2010-06-29,0.000680162736713517
2010-06-30,0.000528415129238882
2010-07-01,0.000773792212511072
2010-07-02,0.000590903281737266
2010-07-06,0.000564971829013713
2010-07-07,0.000489253594341727
2010-07-08,0.000487806159307875
2010-07-09,0.000387138561054846
2010-07-12,0.000427449785020128
2010-07-13,0.000406305806494376
2010-07-14,0.000425514040079604
2010-07-15,0.000518882772404786
2010-07-16,0.000535238266975923
2010-07-19,0.000449594265722856
2010-07-20,0.000485152727632939
2010-07-21,0.000569094852981762
2010-07-22,0.000438196862509359
2010-07-23,0.000613691428238984
2010-07-26,0.000391692814199045
2010-07-27,0.000484168167544995
2010-07-28,0.000419442087515537
2010-07-29,0.000536706820014359
2010-07-30,0.000553114955294492
2010-08-02,0.000363996213793275
2010-08-03,0.000380615051355582
2010-08-04,0.000415638337082393
2010-08-05,0.000305769915669342
2010-08-06,0.000480465695416319
2010-08-09,0.000281404707548029
2010-08-10,0.000521990787147214
2010-08-11,0.000400117960798628
2010-08-12,0.000421426129281978
2010-08-13,0.000424369437903763
2010-08-16,0.000411935827862625
2010-08-17,0.000325274329393247
2010-08-18,0.000410610641810929
2010-08-19,0.000541717374699921
2010-08-20,0.000396309302922657
2010-08-23,0.00042180823623063
2010-08-24,0.000572055566091947
2010-08-25,0.000518091544902951
2010-08-26,0.000492843999508565
2010-08-27,0.000607594405753642
2010-08-30,0.0004244052479157
2010-08-31,0.000573221869797612
2010-09-01,0.000449299618787821
2010-09-02,0.000312265733206848
2010-09-03,0.000374360427361613
2010-09-07,0.000361462226565813
2010-09-08,0.000349343981485746
2010-09-09,0.000336445132142631
2010-09-10,0.000286996007341719
2010-09-13,0.000290449432413072
2010-09-14,0.000332960390242479
2010-09-15,0.000330458518432062
2010-09-16,0.000324023919751977
2010-09-17,0.000340718616247896
2010-09-20,0.000308414252901725
2010-09-21,0.000393542741616842
2010-09-22,0.000394251538628987
2010-09-23,0.000402834729430565
2010-09-24,0.000309069114091396
2010-09-27,0.000313082869462821
2010-09-28,0.000479136693396401
2010-09-29,0.000347284228435792
2010-09-30,0.000520853691263414
2010-10-01,0.000452115093332056
2010-10-04,0.000401948983614619
2010-10-05,0.000349853866381797
2010-10-06,0.000321218538795832
2010-10-07,0.000358970754061942
2010-10-08,0.000347218520963057
2010-10-11,0.000233355037336053
2010-10-12,0.000359983871703883
2010-10-13,0.000301835487085812
2010-10-14,0.000355133220711514
2010-10-15,0.000468465223914932
2010-10-18,0.00029492679217913
2010-10-19,0.00053034502378118
2010-10-20,0.000386013728993954
2010-10-21,0.000452686655358695
2010-10-22,0.00030363602474988
2010-10-25,0.000343535841646734
2010-10-26,0.000323087065844128
2010-10-27,0.000365817827612881
2010-10-28,0.000373047702920276
2010-10-29,0.000320717501950549
2010-11-01,0.000348413895174334
2010-11-02,0.000292799968941753
2010-11-03,0.000599175105509216
2010-11-04,0.000258462444487893
2010-11-05,0.000274892751648563
2010-11-08,0.000248590246356858
2010-11-09,0.000318320026654535
2010-11-10,0.000390439842792879
2010-11-11,0.000351383582649244
2010-11-12,0.000461365394982596
2010-11-15,0.000324006643328337
2010-11-16,0.00048795957648762
2010-11-17,0.000373592503969779
2010-11-18,0.000299880573000513
2010-11-19,0.000281127582020316
2010-11-22,0.000347901367661409
2010-11-23,0.000416945765064599
2010-11-24,0.000254712756943184
2010-11-29,0.000428337862365583
2010-11-30,0.000414744404752162
2010-12-01,0.000322537123339681
2010-12-02,0.00029101326336659
2010-12-03,0.000307480820285038
2010-12-06,0.000244708103630789
2010-12-07,0.000334183338132135
2010-12-08,0.000293794039851825
2010-12-09,0.000276801032904965
2010-12-10,0.000215368758048719
2010-12-13,0.000212578253357528
2010-12-14,0.000252055672852304
2010-12-15,0.000272728029576357
2010-12-16,0.000282324379440191
2010-12-17,0.000186287757114317
2010-12-20,0.000223220294772787
2010-12-21,0.000166817925696395
2010-12-22,0.000134932876455996
2010-12-23,0.00014593343283963
2010-12-27,0.000151853813568807
2010-12-28,0.000142953367144306
2010-12-29,0.000111146465643814
2010-12-30,0.000159613425261115
2010-12-31,0.000151258131991297
2011-01-03,0.000181452716131925
2011-01-04,0.000236527550358557
2011-01-05,0.000232328371744565
2011-01-06,0.000254367505941526
2011-01-07,0.000359405839505856
2011-01-10,0.00031541632106356
2011-01-11,0.000265340281717401
2011-01-12,0.000197667495320594
2011-01-13,0.000218153193455191
2011-01-14,0.000254805899699296
2011-01-18,0.000212040881864833
2011-01-19,0.000271974598077036
2011-01-20,0.000333500995156344
2011-01-21,0.000241367545175981
2011-01-24,0.000272014167311052
2011-01-25,0.000345418489942108
2011-01-26,0.00031760250098654
2011-01-27,0.000265615360758453
2011-01-28,0.000455393620523013
2011-01-31,0.000320657725705148
2011-02-01,0.000242387841234059
2011-02-02,0.000234381515125317
2011-02-03,0.000280657733911538
2011-02-04,0.000294140799580767
2011-02-07,0.000223977551392326
2011-02-08,0.000215946803885664
2011-02-09,0.00024612778969216
2011-02-10,0.000315401435712241
2011-02-11,0.000290059919049553
2011-02-14,0.000204667164171648
2011-02-15,0.000227990393508279
2011-02-16,0.000275566799852133
2011-02-17,0.000204798263345192
2011-02-18,0.000188667071427933
2011-02-22,0.000412927659839322
2011-02-23,0.000428434734103146
2011-02-24,0.000473330860989813
2011-02-25,0.000252041208768298
2011-02-28,0.000245838905052781
2011-03-01,0.000438722239557899
2011-03-02,0.000427224327902431
2011-03-03,0.0002959708973965
2011-03-04,0.000392198256520597
2011-03-07,0.00045071727604965
2011-03-08,0.000347785928489465
2011-03-09,0.000445901726290412
2011-03-10,0.000499557507024079
2011-03-11,0.000378964960270554
2011-03-14,0.000438757002411879
2011-03-15,0.000578842197911278
2011-03-16,0.000839550855425317
2011-03-17,0.000505415381633419
2011-03-18,0.000399685337358285
2011-03-21,0.000284090539452231
2011-03-22,0.000297937238343653
2011-03-23,0.000345358225160399
2011-03-24,0.000310573698048416
2011-03-25,0.00026526655507161
2011-03-28,0.000224207905473392
2011-03-29,0.000265968574399346
2011-03-30,0.000235428751460349
2011-03-31,0.000208599929622269
2011-04-01,0.000227955211348885
2011-04-04,0.00024932438735207
2011-04-05,0.000286990683011152
2011-04-06,0.000256147698607537
2011-04-07,0.000390725275265251
2011-04-08,0.000283250182555315
2011-04-11,0.000269688247905705
2011-04-12,0.00031168235833877
2011-04-13,0.000306195839523503
2011-04-14,0.000284591362389454
2011-04-15,0.00027500791160472
2011-04-18,0.00040399221691453
2011-04-19,0.000257036768404239
2011-04-20,0.000241794194705015
2011-04-21,0.000190100318643155
2011-04-25,0.00020415373581884
2011-04-26,0.000212426778689399
2011-04-27,0.000262710676847619
2011-04-28,0.000204319443654692
2011-04-29,0.000155757927427431
2011-05-02,0.000224823756513754
2011-05-03,0.000282698016376497
2011-05-04,0.000390313848797277
2011-05-05,0.000440099044406558
2011-05-06,0.0004629364895036
2011-05-09,0.000324077082755574
2011-05-10,0.000239651932590497
2011-05-11,0.000361525788105426
2011-05-12,0.00038929838973615
2011-05-13,0.00042096401282308
2011-05-16,0.000346017166743659
2011-05-17,0.000410603783950615
2011-05-18,0.000285699512044156
2011-05-19,0.000358738743340072
2011-05-20,0.000305030528311109
2011-05-23,0.000369837929275343
2011-05-24,0.00031482631709673
2011-05-25,0.000299842059994998
2011-05-26,0.000349407418767639
2011-05-27,0.000231331489499684
2011-05-31,0.000267739526029062
2011-06-01,0.000383539129512646
2011-06-02,0.000502857457922369
2011-06-03,0.000371392146476639
2011-06-06,0.000354084228856977
2011-06-07,0.00030711510159382
2011-06-08,0.000402058775599225
2011-06-09,0.000284334527088135
2011-06-10,0.000430458737353839
2011-06-13,0.000408722485872836
2011-06-14,0.000259956805267848
2011-06-15,0.00049105762117752
2011-06-16,0.000511679689784087
2011-06-17,0.000416303710324594
2011-06-20,0.000321613909796588
2011-06-21,0.000271740782047215
2011-06-22,0.000345284922718068
2011-06-23,0.00055264235013668
2011-06-24,0.000434362700987479
2011-06-27,0.000323306651123633
2011-06-28,0.000271400349796301
2011-06-29,0.000351502754115969
2011-06-30,0.000274073476414493
2011-07-01,0.000312529060366526
2011-07-05,0.000294434516684411
2011-07-06,0.000304603306422012
2011-07-07,0.000209394914926355
2011-07-08,0.000302825860422117
2011-07-11,0.000330273529932836
2011-07-12,0.000440494789165498
2011-07-13,0.000368370077635921
2011-07-14,0.000434691868119418
2011-07-15,0.000427350421723063
2011-07-18,0.000404477968575488
2011-07-19,0.000341807286110332
2011-07-20,0.000286691583635121
2011-07-21,0.000414832313369292
2011-07-22,0.000300065421764598
2011-07-25,0.000333568866986582
2011-07-26,0.000328668943580004
2011-07-27,0.000414604156442508
2011-07-28,0.000378362030585505
2011-07-29,0.000572696828076022
2011-08-01,0.000637917094872438
2011-08-02,0.000515241686540466
2011-08-03,0.000745261355129558
2011-08-04,0.000941324626589435
2011-08-09,0.00177587984562894
2011-08-10,0.00150538055418499
2011-08-11,0.0011421456965946
2011-08-12,0.000857925483094441
2011-08-15,0.000538046561650404
2011-08-16,0.000805862275277819
2011-08-17,0.000599938336430031
2011-08-18,0.00102150044045068
2011-08-19,0.000927419518758223
2011-08-22,0.000819772151551133
2011-08-23,0.000860459901557015
2011-08-24,0.000748780544926059
2011-08-25,0.000919891423085
2011-08-26,0.00103016529639249
2011-08-29,0.000425152706410873
2011-08-30,0.000645798368083317
2011-08-31,0.000568501665241173
2011-09-01,0.000869271407411362
2011-09-02,0.000613717345771693
2011-09-06,0.000688145085470002
2011-09-07,0.000434693001516832
2011-09-08,0.000676862638055173
2011-09-09,0.000849401658672604
2011-09-12,0.000779556755570663
2011-09-13,0.000746823485775265
2011-09-14,0.000688821120315355
2011-09-15,0.000564481703858762
2011-09-16,0.000564050779186516
2011-09-19,0.000565021068803961
2011-09-20,0.000559589928696346
2011-09-21,0.000834734219109778
2011-09-22,0.00109883931692825
2011-09-23,0.000909850981478271
2011-09-26,0.000938640539124025
2011-09-27,0.0005883726333414
2011-09-28,0.00075582692145105
2011-09-29,0.000847992517256898
2011-09-30,0.00086340332926654
2011-10-03,0.00102432405747665
2011-10-04,0.00114834995836341
2011-10-05,0.000807821416350581
2011-10-06,0.000732055855601071
2011-10-07,0.00084238182077165
2011-10-10,0.000446406361696835
2011-10-11,0.000573186004428358
2011-10-12,0.000470839653214153
2011-10-13,0.000594785522566025
2011-10-14,0.000440901093694333
2011-10-17,0.000492251037127159
2011-10-18,0.000667764839529411
2011-10-19,0.000615173668812778
2011-10-20,0.000832363436318078
2011-10-21,0.000445716873045943
2011-10-24,0.000383820974863243
2011-10-25,0.000722957102887318
2011-10-26,0.000662343217674953
2011-10-27,0.000449033074707768
2011-10-28,0.000456298248163602
2011-10-31,0.000431320646825395
2011-11-01,0.00086003067908224
2011-11-02,0.000620448337031273
2011-11-03,0.000629966046105364
2011-11-04,0.00051369393734828
2011-11-07,0.000582068011432562
2011-11-08,0.000530500004181781
2011-11-09,0.000619394853770566
2011-11-10,0.000629443743968093
2011-11-11,0.00036275649085483
2011-11-14,0.000492060129870218
2011-11-15,0.000488215446832837
2011-11-16,0.000480122592636022
2011-11-17,0.000761816546479325
2011-11-18,0.00056253383051997
2011-11-21,0.000556870411971383
2011-11-22,0.000618496343113919
2011-11-23,0.000539523336800384
2011-11-28,0.000433603238896345
2011-11-29,0.000518104719377786
2011-11-30,0.000374168481120313
2011-12-01,0.000411767798203668
2011-12-02,0.0004441299253861
2011-12-05,0.000445310900903391
2011-12-06,0.000414624162088346
2011-12-07,0.000451762823149905
2011-12-08,0.000533391170115152
2011-12-09,0.000424048347895582
2011-12-12,0.000403633897842555
2011-12-13,0.000455318313002193
2011-12-14,0.000542829290146112
2011-12-15,0.000422227759895608
2011-12-16,0.000397715631206206
2011-12-19,0.000434009582684599
2011-12-20,0.000349718747611616
2011-12-21,0.000439532874166978
2011-12-22,0.000322241934614925
2011-12-23,0.000207322649540083
2011-12-27,0.000230635986399595
2011-12-28,0.000326181838716919
2011-12-29,0.00028501341488697
2011-12-30,0.000209307208674537
2012-01-03,0.000284186106951322
2012-01-04,0.000281629436589833
2012-01-05,0.000359682627776684
2012-01-06,0.000329805131409931
2012-01-09,0.000297630282382964
2012-01-10,0.000268095987575299
2012-01-11,0.000267704226493901
2012-01-12,0.000285051714161703
2012-01-13,0.000326998712771388
2012-01-17,0.000260902081790367
2012-01-18,0.000291254873720114
2012-01-19,0.00022720011951377
2012-01-20,0.000212109753156704
2012-01-23,0.000284148377959237
2012-01-24,0.000247332887380053
2012-01-25,0.000395331145721083
2012-01-26,0.000313328960982111
2012-01-27,0.00034563898462706
2012-01-30,0.000280224520403213
2012-01-31,0.000353152717100084
2012-02-01,0.000310306833171054
2012-02-02,0.000233434915610944
2012-02-03,0.000213919873741877
2012-02-06,0.000234905904055379
2012-02-07,0.000250326487953149
2012-02-08,0.000240696568841762
2012-02-09,0.000303685920234977
2012-02-10,0.000263710955567655
2012-02-13,0.00022984906306548
2012-02-14,0.000265123294457376
2012-02-15,0.000384420932960803
2012-02-16,0.000296497175870528
2012-02-17,0.00019453800191507
2012-02-21,0.000244651656760608
2012-02-22,0.000283826800692483
2012-02-23,0.000252127063714206
2012-02-24,0.000183652273631042
2012-02-27,0.000250070683150192
2012-02-28,0.000282326040869808
2012-02-29,0.000335109602396822
2012-03-01,0.000373716151142845
2012-03-02,0.000252007661054561
2012-03-05,0.000264654029590965
2012-03-06,0.000295569928987623
2012-03-07,0.000240135809297081
2012-03-08,0.000205726653422254
2012-03-09,0.000220705826505228
2012-03-12,0.00023089747179161
2012-03-13,0.00026517622738667
2012-03-14,0.000225919876123424
2012-03-15,0.000244815407600074
2012-03-16,0.000168834314354496
2012-03-19,0.000212407241088954
2012-03-20,0.000217706959240131
2012-03-21,0.000235318479198146
2012-03-22,0.00027326851211045
2012-03-23,0.000241422923374657
2012-03-26,0.000179805495140502
2012-03-27,0.00019225910351845
2012-03-28,0.000333430732313158
2012-03-29,0.000346785587195171
2012-03-30,0.00023867041123694
2012-04-02,0.00022744146943149
2012-04-03,0.000352644760450411
2012-04-04,0.000281604612113976
2012-04-05,0.000253872940757145
2012-04-09,0.000228378317998513
2012-04-10,0.000369097642984836
2012-04-11,0.000278526132401003
2012-04-12,0.000238591124439701
2012-04-13,0.000291970734859979
2012-04-16,0.000360102525636908
2012-04-17,0.000256376706004119
2012-04-18,0.000283420921716299
2012-04-19,0.00042096251947134
2012-04-20,0.000284885318159424
2012-04-23,0.000328871714902355
2012-04-24,0.000290070116478446
2012-04-25,0.000294965046128823
2012-04-26,0.000244043426467701
2012-04-27,0.000266090962666934
2012-04-30,0.000223911880113723
2012-05-01,0.000334049872709561
2012-05-02,0.000249428483213274
2012-05-03,0.000285460072211682
2012-05-04,0.000308368077542382
2012-05-07,0.000319049536266845
2012-05-08,0.000395495993482702
2012-05-09,0.000511093530630881
2012-05-10,0.000367598062835683
2012-05-11,0.000342702203715925
2012-05-14,0.000338736179377554
2012-05-15,0.000378333709971913
2012-05-16,0.000448594635092017
2012-05-17,0.000517942266939516
2012-05-18,0.000466370061040699
2012-05-21,0.000372857206472913
2012-05-22,0.000415822333752983
2012-05-23,0.000530062519495842
2012-05-24,0.000499255875155878
2012-05-25,0.000360821997970183
2012-05-29,0.000382956204244274
2012-05-30,0.000388787690308325
2012-05-31,0.000458265647652425
2012-06-01,0.000505547267272695
2012-06-04,0.000446145870851268
2012-06-05,0.000433551232816742
2012-06-06,0.000290931283640276
2012-06-07,0.00040860974930835
2012-06-08,0.000347577703384128
2012-06-11,0.00039452330800156
2012-06-12,0.000472511062674857
2012-06-13,0.000391492878153785
2012-06-14,0.000488378652761235
2012-06-15,0.000254105948355855
2012-06-18,0.000331265026144026
2012-06-19,0.000274071379133335
2012-06-20,0.000477664256483635
2012-06-21,0.000386887738707253
2012-06-22,0.000323605516251033
2012-06-25,0.000340905376296621
2012-06-26,0.000391069084061801
2012-06-27,0.000312564841791328
2012-06-28,0.000390006010418793
2012-06-29,0.000256915511863061
2012-07-02,0.000359500288039248
2012-07-05,0.00029793293522829
2012-07-06,0.000296512737475174
2012-07-09,0.000302042698618925
2012-07-10,0.000337683319924569
2012-07-11,0.000410961313297323
2012-07-12,0.000384563587293949
2012-07-13,0.000272372985444551
2012-07-16,0.000266228904064394
2012-07-17,0.000387460730818396
2012-07-18,0.000250223251398636
2012-07-19,0.000338056382708694
2012-07-20,0.000290463355343496
2012-07-23,0.0003254300644767
2012-07-24,0.00039859736430957
2012-07-25,0.000383456691881454
2012-07-26,0.000313711691738992
2012-07-27,0.000386759775132998
2012-07-30,0.000311818565176519
2012-07-31,0.000299555733509709
2012-08-01,0.000396205302153598
2012-08-02,0.000439352515520774
2012-08-03,0.000223616257283906
2012-08-06,0.00020355122162596
2012-08-07,0.000192038136982428
2012-08-08,0.000205311060035501
2012-08-09,0.00022936991775912
2012-08-10,0.000219358341558084
2012-08-13,0.000228099063045625
2012-08-14,0.000235990415970242
2012-08-15,0.000205008393905535
2012-08-16,0.00018446748824258
2012-08-17,0.000147458464714782
2012-08-20,0.000195145206181859
2012-08-21,0.000234720929810623
2012-08-22,0.000328106653196422
2012-08-23,0.000278926022664141
2012-08-24,0.000244182524342405
2012-08-27,0.000216146406931088
2012-08-28,0.0002410459760559
2012-08-29,0.000194316491603458
2012-08-30,0.000199657463562183
2012-08-31,0.000378002367183955
2012-09-04,0.000280214814806243
2012-09-05,0.000283059735446416
2012-09-06,0.000236179357713094
2012-09-07,0.000195299020396361
2012-09-10,0.000192393716674008
2012-09-11,0.000195412911881244
2012-09-12,0.000211859470986516
2012-09-13,0.000467872134263266
2012-09-14,0.000258687570555528
2012-09-17,0.000219682491467626
2012-09-18,0.000231277529383575
2012-09-19,0.000229379838267694
2012-09-20,0.000243285437294427
2012-09-21,0.000175495099514922
2012-09-24,0.000209158680905974
2012-09-25,0.000287770206739983
2012-09-26,0.000320786370024478
2012-09-27,0.000270400510985721
2012-09-28,0.000298230256784696
2012-10-01,0.000367473012040304
2012-10-02,0.000357492547021022
2012-10-03,0.00029308182396241
2012-10-04,0.00027417408470186
2012-10-05,0.000226691795928064
2012-10-08,0.000207497155882161
2012-10-09,0.000293099416234361
2012-10-10,0.000318105192555972
2012-10-11,0.000243661262716677
2012-10-12,0.000307283120443512
2012-10-15,0.00027893530240097
2012-10-16,0.000187897606333371
2012-10-17,0.000209970505400714
2012-10-18,0.0002982062290215
2012-10-19,0.000309525670423148
2012-10-22,0.000348081651707863
2012-10-23,0.000352026269262496
2012-10-24,0.000379123107726534
2012-10-25,0.000346474540308909
2012-10-26,0.000375050720231273
2012-10-31,0.000317104918801502
2012-11-01,0.000282235965911631
2012-11-02,0.000312752513735273
2012-11-05,0.000269638699104643
2012-11-06,0.000294343918799629
2012-11-07,0.000446740669461608
2012-11-08,0.000433339353880705
2012-11-09,0.00049273265459972
2012-11-12,0.000273734361056535
2012-11-13,0.000379137418583882
2012-11-14,0.000441609657275203
2012-11-15,0.000428521393619171
2012-11-16,0.000535486562874543
2012-11-19,0.000263400004621157
2012-11-20,0.000359920538434851
2012-11-21,0.00022744174847478
2012-11-26,0.000251400390872095
2012-11-27,0.000350500431272384
2012-11-28,0.000438302883489255
2012-11-29,0.000377317966648234
2012-11-30,0.000271390501136481
2012-12-03,0.000299427926803109
2012-12-04,0.000336776306895821
2012-12-05,0.000367422343204667
2012-12-06,0.00029704710240798
2012-12-07,0.000317150713012759
2012-12-10,0.000225647697973399
2012-12-11,0.000230297904873408
2012-12-12,0.000277053736770701
2012-12-13,0.000246231189212986
2012-12-14,0.000226387447440544
2012-12-17,0.000242726578503642
2012-12-18,0.000232751245859708
2012-12-19,0.000259434591695264
2012-12-20,0.00026612879914327
2012-12-21,0.000362948196666748
2012-12-26,0.000288967067270738
2012-12-27,0.000442394411723564
2012-12-28,0.000371612940121754
2012-12-31,0.000550839916769167
2013-01-02,0.000287760204674719
2013-01-03,0.000262762149143811
2013-01-04,0.000230233470828532
2013-01-07,0.000199485659378285
2013-01-08,0.000225978042567442
2013-01-09,0.000205041005677271
2013-01-10,0.000251787140725061
2013-01-11,0.000181704881572048
2013-01-14,0.000209193274937968
2013-01-15,0.000197086969630894
2013-01-16,0.000160909160668683
2013-01-17,0.000190198184026471
2013-01-18,0.00018947616104076
2013-01-22,0.000164865110228366
2013-01-23,0.00014952755141181
2013-01-24,0.000217647452952159
2013-01-25,0.000225181849737006
2013-01-28,0.000191971953409805
2013-01-29,0.000203372449063681
2013-01-30,0.000230601352077105
2013-01-31,0.000223258049275307
2013-02-01,0.0002295430580014
2013-02-04,0.000240591805414569
2013-02-05,0.000207665842814199
2013-02-06,0.000222406770503784
2013-02-07,0.000276730458303919
2013-02-08,0.000160978277693579
2013-02-11,0.000185962152672784
2013-02-12,0.000160028282787259
2013-02-13,0.000172616115022127
2013-02-14,0.000181743473833713
2013-02-15,0.000213358408666994
2013-02-19,0.000165396444193779
2013-02-20,0.000263460440755994
2013-02-21,0.000298681880439484
2013-02-22,0.000241808700976245
2013-02-25,0.00037513355677026
2013-02-26,0.000426973938185709
2013-02-27,0.000284694104451639
2013-02-28,0.000265833700415146
2013-03-01,0.000364267160579021
2013-03-04,0.000275634791056108
2013-03-05,0.000234322640616803
2013-03-06,0.000221283257443165
2013-03-07,0.000212982171601778
2013-03-08,0.000219826479558222
2013-03-11,0.000160950919054198
2013-03-12,0.000216262541312456
2013-03-13,0.000217979069086783
2013-03-14,0.000145067265856986
2013-03-15,0.000175369003341106
2013-03-18,0.000262248328308096
2013-03-19,0.000393018052418733
2013-03-20,0.000249452720697764
2013-03-21,0.00030423502346066
2013-03-22,0.00024321830002464
2013-03-25,0.000336748154698387
2013-03-26,0.000240429435629229
2013-03-27,0.000236005887152235
2013-03-28,0.000199031243238812
2013-04-01,0.000253704909177745
2013-04-02,0.00019444957549297
2013-04-03,0.000258912166759144
2013-04-04,0.000312251575765316
2013-04-05,0.00027409231752557
2013-04-08,0.000238267383127051
2013-04-09,0.000242980094491071
2013-04-10,0.000242348698754397
2013-04-11,0.000230060104247303
2013-04-12,0.000243760378011188
2013-04-15,0.000408345503197054
2013-04-16,0.000312041998877421
2013-04-17,0.000442428626052207
2013-04-18,0.000415615091335423
2013-04-19,0.000305065352701005
2013-04-22,0.000339327446155512
2013-04-23,0.000534079797104612
2013-04-24,0.000247244380980196
2013-04-25,0.000208233707325714
2013-04-26,0.000276438489770695
2013-04-29,0.000189514714546305
2013-04-30,0.00023728471649606
2013-05-01,0.000309775025555572
2013-05-02,0.000237180646837754
2013-05-03,0.000181312515594669
2013-05-06,0.000147453198318693
2013-05-07,0.000179602863445845
2013-05-08,0.000163817362507723
2013-05-09,0.000255173311986613
2013-05-10,0.000279683794413803
2013-05-13,0.000212015330264132
2013-05-14,0.000184121490356469
2013-05-15,0.000243733698185502
2013-05-16,0.000245214204224434
2013-05-17,0.000217838736401203
2013-05-20,0.000219570360454619
2013-05-21,0.000257167052317631
2013-05-22,0.00051947065054168
2013-05-23,0.000419794368396899
2013-05-24,0.000329688785416211
2013-05-28,0.000325233892447512
2013-05-29,0.000361835688307957
2013-05-30,0.000273664910998499
2013-05-31,0.000330690604014888
2013-06-03,0.000492409885497696
2013-06-04,0.000390038064616339
2013-06-05,0.000458361125108376
2013-06-06,0.000469773385755209
2013-06-07,0.000352624409077347
2013-06-10,0.000328221151953111
2013-06-11,0.000371512175233799
2013-06-12,0.000414282343772528
2013-06-13,0.000314915558843098
2013-06-14,0.000340870169615111
2013-06-17,0.000305740030289967
2013-06-18,0.000250951109205054
2013-06-19,0.0004917235617787
2013-06-20,0.000499802468008633
2013-06-21,0.000559195409283475
2013-06-24,0.000563532070254203
2013-06-25,0.000414648098105756
2013-06-26,0.000320232584552223
2013-06-27,0.000281567504455479
2013-06-28,0.000338012839254303
2013-07-01,0.000285850043073284
2013-07-02,0.000336520311360111
2013-07-05,0.000353472587929007
2013-07-08,0.000266565707538597
2013-07-09,0.000235534462427767
2013-07-10,0.000331869513003281
2013-07-11,0.000199712788746087
2013-07-12,0.000193567680039582
2013-07-15,0.000151801483261301
2013-07-16,0.000192444089940634
2013-07-17,0.000221444511863595
2013-07-18,0.000183183769545363
2013-07-19,0.0001982218712829
2013-07-22,0.000148008368212506
2013-07-23,0.000167100136494381
2013-07-24,0.000249555741087056
2013-07-25,0.000233475873690184
2013-07-26,0.000244928501216893
2013-07-29,0.000209787840482248
2013-07-30,0.000216586003969628
2013-07-31,0.000301449250502746
2013-08-01,0.000203315658206957
2013-08-02,0.000180435661532086
2013-08-05,0.000157960124882083
2013-08-06,0.000186558760598113
2013-08-07,0.000201489709949785
2013-08-08,0.000194659654143725
2013-08-09,0.00026445273305689
2013-08-12,0.000217773293995659
2013-08-13,0.000239582930916219
2013-08-14,0.000286675683714955
2013-08-15,0.000325896998523386
2013-08-16,0.000264535174127963
2013-08-19,0.000259628206823613
2013-08-20,0.000229728242302256
2013-08-21,0.000375999018110837
2013-08-22,0.000225621443217753
2013-08-23,0.000234732623649898
2013-08-26,0.000230302259484761
2013-08-27,0.000320867135637627
2013-08-28,0.000266270591540013
2013-08-29,0.00023771377212286
2013-08-30,0.000319922997905049
2013-09-03,0.000326426667884554
2013-09-04,0.000239988833848701
2013-09-05,0.000206403887963066
2013-09-06,0.000398934939159859
2013-09-09,0.000200450147260921
2013-09-10,0.000199021388690791
2013-09-11,0.000198818247266008
2013-09-12,0.000199212261215762
2013-09-13,0.00017208674981962
2013-09-16,0.000214661972821239
2013-09-17,0.000138759196939877
2013-09-18,0.000572766687037727
2013-09-19,0.000193826261184788
2013-09-20,0.000231577776139457
2013-09-23,0.0002215498431678
2013-09-24,0.000225138205238614
2013-09-25,0.000341859148982679
2013-09-26,0.000257674932791647
2013-09-27,0.00023960404880065
2013-09-30,0.0002899803730585
2013-10-01,0.000273360684747881
2013-10-02,0.000269528497459258
2013-10-03,0.0003866472650272
2013-10-04,0.000254613875464858
2013-10-07,0.000258822255175279
2013-10-08,0.000356306584360324
2013-10-09,0.000406567672895282
2013-10-10,0.000280181964363026
2013-10-11,0.00022494394287302
2013-10-14,0.000255242807024604
2013-10-15,0.000420122903667841
2013-10-16,0.000269087160849179
2013-10-17,0.000200304910699426
2013-10-18,0.000195562534919101
2013-10-21,0.000185890768487847
2013-10-22,0.000260140383426681
2013-10-23,0.000314424048074507
2013-10-24,0.000221370530973027
2013-10-25,0.0002077047364188
2013-10-28,0.000182007482351166
2013-10-29,0.000203598950255375
2013-10-30,0.000347879485026157
2013-10-31,0.00028679921351025
2013-11-01,0.000289392767680275
2013-11-04,0.000179687268591895
2013-11-05,0.000211352226635856
2013-11-06,0.00022844113777449
2013-11-07,0.000315827273323699
2013-11-08,0.000297248031202415
2013-11-11,0.000186565430075185
2013-11-12,0.000240913747490035
2013-11-13,0.000189915922138809
2013-11-14,0.000240651836239216
2013-11-15,0.000151047583003065
2013-11-18,0.000209975849916838
2013-11-19,0.000281841517024413
2013-11-20,0.00033191503648152
2013-11-21,0.000198640825041539
2013-11-22,0.000168323834045892
2013-11-25,0.000167182876119594
2013-11-26,0.000163360636935343
2013-11-27,0.000154130314481426
2013-12-02,0.000195639293816187
2013-12-03,0.00024540463120934
2013-12-04,0.000333614575530565
2013-12-05,0.000282853203830228
2013-12-06,0.000214223182459361
2013-12-09,0.000173002459137417
2013-12-10,0.000209351023009603
2013-12-11,0.00027363913040288
2013-12-12,0.000272058601298953
2013-12-13,0.00023966543132134
2013-12-16,0.00022001457752671
2013-12-17,0.000223546689887735
2013-12-18,0.000513638879006259
2013-12-19,0.000220377064869779
2013-12-20,0.000182801522326554
2013-12-23,0.000147601440429855
2013-12-26,0.000124928057711063
2013-12-27,0.000123552945947456
2013-12-30,0.000128544558857519
2013-12-31,0.000126697789001468
2014-01-02,0.000260735649066922
2014-01-03,0.000196231714895055
2014-01-06,0.000264946994038668
2014-01-07,0.0001564572722504
2014-01-08,0.000282542000429899
2014-01-09,0.000241040810872419
2014-01-10,0.000280199727661374
2014-01-13,0.000266236625281288
2014-01-14,0.000242107253120094
2014-01-15,0.000204724451333415
2014-01-16,0.000202729034521683
2014-01-17,0.000186440627820024
2014-01-21,0.000246140488053032
2014-01-22,0.000190409797560586
2014-01-23,0.000270916556241334
2014-01-24,0.000376581441153859
2014-01-27,0.000422884047432188
2014-01-28,0.000292782111960964
2014-01-29,0.000513866265961825
2014-01-30,0.000270647522540488
2014-01-31,0.000372137983122503
2014-02-03,0.000474675772730859
2014-02-04,0.000376566702426104
2014-02-05,0.000472447959499109
2014-02-06,0.000251872195141588
2014-02-07,0.000298138341213101
2014-02-10,0.0002330995312765
2014-02-11,0.000234198242311353
2014-02-12,0.00023911979962834
2014-02-13,0.000244579274230531
2014-02-14,0.000216825998125758
2014-02-18,0.000207524850420749
2014-02-19,0.000332398407888498
2014-02-20,0.000302183760543971
2014-02-21,0.000242358069488875
2014-02-24,0.000224279833190562
2014-02-25,0.000300705743323539
2014-02-26,0.000289849395537924
2014-02-27,0.000270537995347739
2014-02-28,0.000305522395667104
2014-03-03,0.00044209957468783
2014-03-04,0.000253773936306197
2014-03-05,0.000241735816557346
2014-03-06,0.000166295685376749
2014-03-07,0.000305145646176306
2014-03-10,0.000264159514716827
2014-03-11,0.000269941791826236
2014-03-12,0.000287712232709356
2014-03-13,0.000362188947361647
2014-03-14,0.000364253651514156
2014-03-17,0.000260765994890957
2014-03-18,0.000234491999038201
2014-03-19,0.000347285388034192
2014-03-20,0.000281961010075281
2014-03-21,0.000302356442188509
2014-03-24,0.000374156155664255
2014-03-25,0.000323025403195794
2014-03-26,0.000363008870962434
2014-03-27,0.000396796851761387
2014-03-28,0.000288441468604643
2014-03-31,0.000245327265983081
2014-04-01,0.000194853222260286
2014-04-02,0.000218158438500785
2014-04-03,0.000224931531128534
2014-04-04,0.000416945137930625
2014-04-07,0.000359720298756199
2014-04-08,0.000354129693705674
2014-04-09,0.000300486600262069
2014-04-10,0.00038908061433444
2014-04-11,0.000435277930890474
2014-04-14,0.000333116755175484
2014-04-15,0.000514038197597609
2014-04-16,0.000336427771139891
2014-04-17,0.000261023891120877
2014-04-21,0.000234524295733159
2014-04-22,0.000172562415009365
2014-04-23,0.000210969340073742
2014-04-24,0.000305595853189194
2014-04-25,0.000289869828635342
2014-04-28,0.00037081929401655
2014-04-29,0.000266647388842675
2014-04-30,0.000282275936202907
2014-05-01,0.00026214100472052
2014-05-02,0.000305105567859983
2014-05-05,0.000242354317619466
2014-05-06,0.000245401636375579
2014-05-07,0.000353878748473706
2014-05-08,0.000304093620891419
2014-05-09,0.000320829292820988
2014-05-12,0.000177348550536232
2014-05-13,0.000211851034992266
2014-05-14,0.000210434907745232
2014-05-15,0.000338125627501473
2014-05-16,0.000293532619773215
2014-05-19,0.000198374909509196
2014-05-20,0.000261694025456668
2014-05-21,0.000232914251739464
2014-05-22,0.000194552735873774
2014-05-23,0.000135091196047853
2014-05-27,0.000135186136721059
2014-05-28,0.000177529007611761
2014-05-29,0.00016035541179095
2014-05-30,0.00014264754217587
2014-06-02,0.000181719490549911
2014-06-03,0.000155490482444331
2014-06-04,0.000147818754752997
2014-06-05,0.000218837687746523
2014-06-06,0.000130714370332314
2014-06-09,0.000154016457969028
2014-06-10,0.000154409753332287
2014-06-11,0.000186323827713802
2014-06-12,0.000207108976300253
2014-06-13,0.000190151643953897
2014-06-16,0.000200567530977528
2014-06-17,0.000201551148189694
2014-06-18,0.000228440169237233
2014-06-19,0.000165689516628136
2014-06-20,0.000128729213506917
2014-06-23,0.000164004129047782
2014-06-24,0.000202294679392356
2014-06-25,0.000217280285548334
2014-06-26,0.00025550049832389
2014-06-27,0.00017073725442911
2014-06-30,0.000168532749385003
2014-07-01,0.000180295041619656
2014-07-02,0.000153306946694014
2014-07-07,0.000170525376057209
2014-07-08,0.000227506064047927
2014-07-09,0.000229127411138667
2014-07-10,0.000242433266854404
2014-07-11,0.000187388322531275
2014-07-14,0.000136994031676692
2014-07-15,0.000270657084611509
2014-07-16,0.000168206518065647
2014-07-17,0.000302450437624275
2014-07-18,0.000188304234631928
2014-07-21,0.000196456872436975
2014-07-22,0.000162570299508863
2014-07-23,0.000166043511293842
2014-07-24,0.000178139092553823
2014-07-25,0.000183846929273618
2014-07-28,0.000229379810064683
2014-07-29,0.000235813900073783
2014-07-30,0.000345963570884791
2014-07-31,0.00035222662850645
2014-08-01,0.000397669932279136
2014-08-04,0.000267892006902134
2014-08-05,0.000445902509211104
2014-08-06,0.000305629524514491
2014-08-07,0.000360693458358796
2014-08-08,0.00029548986301875
2014-08-11,0.000208894712351236
2014-08-12,0.000269620623043653
2014-08-13,0.000194925971522189
2014-08-14,0.000162084104623452
2014-08-15,0.00037114421236362
2014-08-18,0.000130404954433676
2014-08-19,0.00012166298375709
2014-08-20,0.000198306242115392
2014-08-21,0.00013436289497935
2014-08-22,0.000229442955943986
2014-08-25,0.000143755695901483
2014-08-26,0.000128071072756361
2014-08-27,0.000137686398103588
2014-08-28,0.000160037750671714
2014-08-29,0.000158789125423245
2014-09-02,0.000181008813308275
2014-09-03,0.000161329715005378
2014-09-04,0.000223486856223767
2014-09-05,0.000242220856752504
2014-09-08,0.000193603231745223
2014-09-09,0.000268799115893746
2014-09-10,0.000260700670597949
2014-09-11,0.000232459483776836
2014-09-12,0.000246862402352641
2014-09-15,0.000255845100949253
2014-09-16,0.000226908354684036
2014-09-17,0.000302989039485222
2014-09-18,0.000168699204402754
2014-09-19,0.000208197758515713
2014-09-22,0.000242688992728463
2014-09-23,0.000245668486891518
2014-09-24,0.000232648725083018
2014-09-25,0.000358476473758805
2014-09-26,0.000292289938651527
2014-09-29,0.000295786641789647
2014-09-30,0.000347655690122581
2014-10-01,0.000353984644596916
2014-10-02,0.000391937184383979
2014-10-03,0.000284157694363557
2014-10-06,0.000343016898508743
2014-10-07,0.000371072659170318
2014-10-08,0.000457471566641378
2014-10-09,0.000597821902523704
2014-10-10,0.00061741762643181
2014-10-13,0.000552514579339776
2014-10-14,0.00058697899451403
2014-10-15,0.000907774912967026
2014-10-16,0.000922559593947804
2014-10-17,0.000489677469166764
2014-10-20,0.000411769787113981
2014-10-22,0.000378339878306646
2014-10-23,0.000363936675412919
2014-10-24,0.000369370980484678
2014-10-27,0.000333284951631841
2014-10-28,0.000227662832628272
2014-10-29,0.000435033598484686
2014-10-31,0.00025626674465946
2014-11-03,0.000263011738984422
2014-11-04,0.000306409587226385
2014-11-05,0.000271839743826752
2014-11-06,0.000264139469036794
2014-11-07,0.000224791034153235
2014-11-10,0.00016282643414681
2014-11-11,0.000164635561970905
2014-11-12,0.000186152199351346
2014-11-13,0.00025211646875377
2014-11-14,0.000217567184294743
2014-11-17,0.000224045337525145
2014-11-18,0.000163779842159909
2014-11-19,0.000249528539518211
2014-11-20,0.000185971540688942
2014-11-21,0.000204146413268616
2014-11-24,0.000142817436934558
2014-11-25,0.000181479333936915
2014-11-26,0.00013355026882971
2014-12-01,0.000265860212724311
2014-12-02,0.000200616691656412
2014-12-03,0.000171609019059098
2014-12-04,0.000276252798579603
2014-12-05,0.000174095361605802
2014-12-08,0.000250512201058985
2014-12-09,0.000324896702809053
2014-12-10,0.000373093450954377
2014-12-11,0.000313680899694982
2014-12-12,0.00042602310544789
2014-12-15,0.000562639455713067
2014-12-16,0.000602555009309891
2014-12-17,0.00063674128630695
2014-12-18,0.000333977807469162
2014-12-19,0.000307651775708143
2014-12-22,0.000203613827892097
2014-12-23,0.000178555415816154
2014-12-26,0.000110667760529256
2014-12-29,0.00014301777795544
2014-12-30,0.000186857287101511
2014-12-31,0.000250455402758488
2015-01-02,0.000383746962904513
2015-01-05,0.000418026373742696
2015-01-06,0.000507708759773742
2015-01-07,0.000468337862970517
2015-01-08,0.00024999008980825
2015-01-09,0.000438103025468759
2015-01-12,0.000413316817393594
2015-01-13,0.000465112303797703
2015-01-14,0.000554524752990841
2015-01-15,0.000613785406363067
2015-01-16,0.000493194615334374
2015-01-20,0.000440803523797855
2015-01-21,0.000462455997974962
2015-01-22,0.000444511528349381
2015-01-23,0.000319277792951409
2015-01-26,0.000281969737521101
2015-01-27,0.000436945954878897
2015-01-28,0.000468285028801665
2015-01-29,0.000540663288960702
2015-01-30,0.000536017613218633
2015-02-02,0.000575721176748766
2015-02-03,0.000404730182839834
2015-02-04,0.000347761588645825
2015-02-05,0.000294866443797774
2015-02-06,0.000380416205391525
2015-02-09,0.000321537478016063
2015-02-10,0.000282068794909489
2015-02-11,0.000293286087566437
2015-02-12,0.00021879885637045
2015-02-13,0.000215262215706007
2015-02-17,0.000207941948160818
2015-02-18,0.000228189052398704
2015-02-19,0.000191588565957039
2015-02-20,0.000319074673541971
2015-02-23,0.000169600163663356
2015-02-24,0.000223134379766819
2015-02-25,0.000177091853426975
2015-02-26,0.000220960423970387
2015-02-27,0.000211820147684674
2015-03-02,0.000168087146693304
2015-03-03,0.00023141902709456
2015-03-04,0.000261459061475082
2015-03-05,0.00019537421465379
2015-03-06,0.000310936853471014
2015-03-09,0.0002346435997322
2015-03-10,0.000337883707726324
2015-03-11,0.000288720079621838
2015-03-12,0.000222731241362207
2015-03-13,0.000356262621943095
2015-03-16,0.000254832123833143
2015-03-17,0.00026350594275894
2015-03-18,0.000472871361293816
2015-03-19,0.000260385502383879
2015-03-20,0.000205056895661971
2015-03-23,0.000179020305217044
2015-03-24,0.000258322396272612
2015-03-25,0.000323217193208628
2015-03-26,0.000394734944599461
2015-03-27,0.00031182445408566
2015-03-30,0.000214541951441612
2015-03-31,0.000293437090333777
2015-04-01,0.000375866135617835
2015-04-02,0.000263002427965902
2015-04-06,0.000254057307188101
2015-04-07,0.000206575492664796
2015-04-08,0.000322693104124999
2015-04-09,0.000304022082288941
2015-04-10,0.000169235594380938
2015-04-13,0.00020861438024502
2015-04-14,0.000262164035065386
2015-04-15,0.000199158403309646
2015-04-16,0.000229716148049743
2015-04-17,0.000312434102629247
2015-04-20,0.000211417649506112
2015-04-21,0.000265099300145157
2015-04-22,0.000269267216139082
2015-04-23,0.000227323816260468
2015-04-24,0.000195696159815469
2015-04-27,0.000230992015647086
2015-04-28,0.000281692875704333
2015-04-29,0.000400803960007746
2015-04-30,0.000371884326634015
2015-05-01,0.000256479383411056
2015-05-04,0.000209832630775615
2015-05-05,0.000317383399131004
2015-05-06,0.000376421667836242
2015-05-07,0.000356976452862361
2015-05-08,0.000166463752606308
2015-05-11,0.000232087495085509
2015-05-12,0.00033287302480492
2015-05-13,0.000286253632787153
2015-05-14,0.000164724286599285
2015-05-15,0.000190039295022592
2015-05-18,0.000145675303002865
2015-05-19,0.000211191294209704
2015-05-20,0.000238784181593083
2015-05-21,0.000150460832096903
2015-05-22,0.000170615616631328
2015-05-26,0.000262419584509033
2015-05-27,0.000214494154224514
2015-05-28,0.0002490445998147
2015-05-29,0.000280586196599619
2015-06-01,0.000294366183907099
2015-06-02,0.000270935315091342
2015-06-03,0.000254627541091631
2015-06-04,0.000354615518275686
2015-06-05,0.000293156943775868
2015-06-08,0.000266380433659099
2015-06-09,0.000266635854365922
2015-06-10,0.000252939745052757
2015-06-11,0.000220113062620698
2015-06-12,0.000254319609504429
2015-06-15,0.000314700519231001
2015-06-16,0.00023246918715574
2015-06-17,0.000328938926295886
2015-06-18,0.000207906262100715
2015-06-19,0.000177932734042285
2015-06-22,0.000180930300944377
2015-06-23,0.000184149866561006
2015-06-24,0.000211161355731665
2015-06-25,0.000229046894100276
2015-06-26,0.000266510563341813
2015-06-29,0.000340464500228752
2015-06-30,0.000399097017019533
2015-07-01,0.000319942786541271
2015-07-02,0.000238418374119067
2015-07-06,0.000314351009838394
2015-07-07,0.000450446295273211
2015-07-08,0.000470312449685156
2015-07-09,0.00032196617264423
2015-07-10,0.000246006103108196
2015-07-13,0.000190667110805507
2015-07-14,0.000146639146599864
2015-07-15,0.000203406710356241
2015-07-16,0.000160054497554724
2015-07-17,0.000145627211958278
2015-07-20,0.000160645927046555
2015-07-21,0.000173388308813612
2015-07-22,0.00018659969323685
2015-07-23,0.000223464368533086
2015-07-24,0.000244180763984748
2015-07-27,0.00030863316560962
2015-07-28,0.000279764358553968
2015-07-29,0.00029924930751156
2015-07-30,0.000264282350261899
2015-07-31,0.000244239828134556
2015-08-03,0.000281554883606812
2015-08-04,0.000277385401773592
2015-08-05,0.000241812657523641
2015-08-06,0.000285568599078056
2015-08-07,0.000311524184613651
2015-08-10,0.000159632409525206
2015-08-11,0.000294990818332514
2015-08-12,0.000372188196247965
2015-08-13,0.000321145495637462
2015-08-14,0.000234999012922465
2015-08-17,0.000227248983434023
2015-08-18,0.0002273010033868
2015-08-19,0.00038477124562631
2015-08-20,0.000429228778688206
2015-08-21,0.000597401411471653
2015-08-24,0.00171180453808111
2015-08-25,0.000783237018561093
2015-08-26,0.00107155572175411
2015-08-27,0.000705477385066208
2015-08-28,0.000577433861054439
2015-08-31,0.000455075539950905
2015-09-01,0.000756033742667885
2015-09-02,0.000604758649923846
2015-09-03,0.000547408823058404
2015-09-04,0.000510333220001061
2015-09-08,0.000370809716141486
2015-09-09,0.000471133879582059
2015-09-10,0.000579286200396901
2015-09-11,0.000398693827235977
2015-09-14,0.000335081287754123
2015-09-15,0.000312861524405619
2015-09-16,0.000318424584980896
2015-09-17,0.000581637000578541
2015-09-18,0.000501361675775755
2015-09-21,0.000417975446894887
2015-09-22,0.000434757733202577
2015-09-23,0.000401433407049637
2015-09-24,0.000508532241862633
2015-09-25,0.000469705295588156
2015-09-28,0.000484917428035878
2015-09-29,0.000585517855017029
2015-09-30,0.000479132562898269
2015-10-01,0.000569862426304604
2015-10-02,0.000565384846974763
2015-10-05,0.000332710963994133
2015-10-06,0.00041555022540035
2015-10-07,0.000483328298456597
2015-10-08,0.000414721460682511
2015-10-09,0.000312173330890995
2015-10-12,0.000239789038951269
2015-10-13,0.000303323564413382
2015-10-14,0.000356880148701358
2015-10-15,0.000326481381663381
2015-10-16,0.000247905722758592
2015-10-19,0.000259341345405742
2015-10-20,0.00028476889496566
2015-10-21,0.000360668224712029
2015-10-22,0.000314493754095539
2015-10-23,0.000335625337637714
2015-10-26,0.00023907704538653
2015-10-27,0.00027136857367842
2015-10-28,0.000396400241028133
2015-10-29,0.000266084883829759
2015-10-30,0.000269931570621346
2015-11-02,0.000206433385916906
2015-11-03,0.000209079419491533
2015-11-04,0.000312411816619686
2015-11-05,0.000307231064637722
2015-11-06,0.000350668580198935
2015-11-09,0.000340109220057404
2015-11-10,0.000289402281147461
2015-11-11,0.000257187760168195
2015-11-12,0.000355409455958602
2015-11-13,0.000361077011141569
2015-11-16,0.000399386436057945
2015-11-17,0.000378452086075599
2015-11-18,0.000346923913475287
2015-11-19,0.000277333502018613
2015-11-20,0.000206502215017863
2015-11-23,0.000233113282437204
2015-11-24,0.000302738068851875
2015-11-25,0.000186365023530641
2015-11-30,0.000221609631939081
2015-12-01,0.000268471711482003
2015-12-02,0.000287615471685194
2015-12-03,0.00044347445585404
2015-12-04,0.000369211983056521
2015-12-07,0.000405205869128792
2015-12-08,0.000431514356444075
2015-12-09,0.0005526969616034
2015-12-10,0.000431300418532815
2015-12-11,0.000515293413715733
2015-12-14,0.000624540169984311
2015-12-15,0.000340756602733127
2015-12-16,0.000603199384632786
2015-12-17,0.00046886751941472
2015-12-18,0.000497782771378557
2015-12-21,0.00035912017809367
2015-12-22,0.000318146100911753
2015-12-23,0.000250001125441283
2015-12-28,0.000250825640253336
2015-12-29,0.000173525808411585
2015-12-30,0.000209348567320739
2015-12-31,0.000289855026410183
2016-01-04,0.000469497304848801
2016-01-05,0.000430432026867345
2016-01-06,0.000462976715824463
2016-01-07,0.000576235285787442
2016-01-08,0.000548787465081745
2016-01-11,0.000573210719965528
2016-01-12,0.000580529144608961
2016-01-13,0.000664311510537709
2016-01-14,0.000703416829699949
2016-01-15,0.000761990958179987
2016-01-19,0.000655233990449764
2016-01-20,0.00091623906492681
2016-01-21,0.000888188377886243
2016-01-22,0.0005181298734852
2016-01-25,0.000486229430719797
2016-01-26,0.000486859240817409
2016-01-27,0.000742952919883312
2016-01-28,0.000685099387982482
2016-01-29,0.000385893489500299
2016-02-01,0.000440720646966289
2016-02-02,0.000446320535649665
2016-02-03,0.000823632181864925
2016-02-04,0.000725787154405962
2016-02-05,0.000617776258868272
2016-02-08,0.000646317153052896
2016-02-09,0.000759667030786251
2016-02-10,0.000641511304228369
2016-02-11,0.00082286232976531
2016-02-12,0.000454466387024118
2016-02-16,0.000398592239256166
2016-02-17,0.000301064226170309
2016-02-18,0.000345810977275347
2016-02-19,0.00038479893616544
2016-02-22,0.000268387672530131
2016-02-23,0.000317196829660437
2016-02-24,0.000471684441873616
2016-02-25,0.000362980160829042
2016-02-26,0.000356508537164983
2016-02-29,0.000387731841935616
2016-03-01,0.000348474293589664
2016-03-02,0.000353806041008117
2016-03-03,0.000315675839633354
2016-03-04,0.000350051616266423
2016-03-07,0.00034673044527338
2016-03-08,0.000391600796040367
2016-03-09,0.000376309599471262
2016-03-10,0.000535811334815639
2016-03-11,0.000255440278559756
2016-03-14,0.00023053181384587
2016-03-15,0.000234882719440796
2016-03-16,0.00041730314588793
2016-03-17,0.000254747261532562
2016-03-18,0.000245935415847779
2016-03-21,0.000253895622365558
2016-03-22,0.000250172534807812
2016-03-23,0.000294184298511924
2016-03-24,0.000233194398995868
2016-03-28,0.000240858811752099
2016-03-29,0.000281580734000571
2016-03-30,0.000229092422033138
2016-03-31,0.00021179654614531
2016-04-01,0.000282564466927055
2016-04-04,0.000207781320700826
2016-04-05,0.000305519546193304
2016-04-06,0.000309526318072912
2016-04-07,0.000292819654384653
2016-04-08,0.00029391561794818
2016-04-11,0.000324240269728309
2016-04-12,0.000356457520076765
2016-04-13,0.0002395334512867
2016-04-14,0.000201930986688847
2016-04-15,0.000170134198860489
2016-04-18,0.00021131240568228
2016-04-19,0.000224760559437613
2016-04-20,0.000192924360178814
2016-04-21,0.000264485075092875
2016-04-22,0.000276628600693535
2016-04-25,0.000237014242912238
2016-04-26,0.000230302304602839
2016-04-27,0.000301985003834645
2016-04-28,0.000248797563564769
2016-04-29,0.000343417133136811
2016-05-02,0.000289619833742361
2016-05-03,0.000306961134287758
2016-05-04,0.000309446672672638
2016-05-05,0.000289018349143878
2016-05-06,0.000311945799035718
2016-05-09,0.000257442383996302
2016-05-10,0.000175705432493013
2016-05-11,0.000226182392198981
2016-05-12,0.000299775119961074
2016-05-13,0.000334589751583072
2016-05-16,0.000225548131705215
2016-05-17,0.00030083374712453
2016-05-18,0.000456550316901009
2016-05-19,0.000374288836813294
2016-05-20,0.000237932762461372
2016-05-23,0.000234824214545196
2016-05-24,0.00017821303349835
2016-05-25,0.000198851624579841
2016-05-26,0.000207878847047102
2016-05-27,0.000164834141090324
2016-05-31,0.000211195581716786
2016-06-01,0.000230311000282206
2016-06-02,0.000209984355430274
2016-06-03,0.000260746953395533
2016-06-06,0.00020052905339108
2016-06-07,0.000153865069608179
2016-06-08,0.000170174721090547
2016-06-09,0.000203318572595897
2016-06-10,0.000236120682881276
2016-06-13,0.000303857541469396
2016-06-14,0.000337298674507545
2016-06-15,0.0002835767925531
2016-06-16,0.000371710629183817
2016-06-17,0.000298462212276633
2016-06-20,0.000239661616190092
2016-06-21,0.000251270137415952
2016-06-22,0.000246759117292022
2016-06-23,0.000216719601446875
2016-06-24,0.000608640768064238
2016-06-27,0.000522300713742862
2016-06-28,0.000323478444736879
2016-06-29,0.000255707248039821
2016-06-30,0.000332294845305159
2016-07-01,0.000229776866169719
2016-07-05,0.000281093636088481
2016-07-06,0.000382271402440666
2016-07-07,0.000292401321198626
2016-07-08,0.000215917813203148
2016-07-11,0.000181209762344185
2016-07-12,0.000155950956524652
2016-07-13,0.000200709198835565
2016-07-14,0.000197743626058547
2016-07-15,0.000182986854175135
2016-07-18,0.000148293447623152
2016-07-19,0.000166807049409308
2016-07-20,0.00013950969252305
2016-07-21,0.000173116046521982
2016-07-22,0.000150374234882543
2016-07-25,0.000168129712572287
2016-07-26,0.000236462492075833
2016-07-27,0.000264799319878511
2016-07-28,0.000227953200741562
2016-07-29,0.000196914195429351
2016-08-01,0.000245954057730764
2016-08-02,0.000267210015926305
2016-08-03,0.00018989535954197
2016-08-04,0.000177291128501114
2016-08-05,0.000138138614980515
2016-08-08,0.00013431978317475
2016-08-09,0.000145380791245634
2016-08-10,0.000179582784938176
2016-08-11,0.000158988034359451
2016-08-12,0.000159372809169819
2016-08-15,0.000113086761276766
2016-08-16,0.000154865216503351
2016-08-17,0.000235111902612492
2016-08-18,0.00013984181804991
2016-08-19,0.000151394783868937
2016-08-22,0.000219373999234237
2016-08-23,0.00014095252571485
2016-08-24,0.000167942534999465
2016-08-25,0.000211426406757593
2016-08-26,0.000368982621566486
2016-08-29,0.000150537934206358
2016-08-30,0.000188552304744443
2016-08-31,0.000209076307503489
2016-09-01,0.000264257773199814
2016-09-02,0.000197315742818438
2016-09-06,0.000197559806067241
2016-09-07,0.00016216481115896
2016-09-08,0.000211028529721732
2016-09-09,0.000284587853024836
2016-09-12,0.000395570583934957
2016-09-13,0.000471800335622163
2016-09-14,0.00037766732923929
2016-09-15,0.000343796727960442
2016-09-16,0.000303822868382736
2016-09-19,0.000226955103724582
2016-09-20,0.000226586869164051
2016-09-21,0.000339126874432813
2016-09-22,0.000192581346128602
2016-09-23,0.000177532872134998
2016-09-26,0.000224441949504288
2016-09-27,0.000252643300267546
2016-09-28,0.000271449086689106
2016-09-29,0.000392844565107239
2016-09-30,0.000227143664033423
2016-10-03,0.000267592964283963
2016-10-04,0.00036405689354819
2016-10-05,0.000188342874789824
2016-10-06,0.000218596685394595
2016-10-07,0.000298567317483531
2016-10-10,0.00014635662585767
2016-10-11,0.000289568108391777
2016-10-12,0.000242296334819146
2016-10-13,0.000299219100590148
2016-10-14,0.000264139256678962
2016-10-17,0.000240109140225523
2016-10-18,0.000178832103640011
2016-10-19,0.000146160646958333
2016-10-20,0.000266799293909044
2016-10-21,0.000190563806162155
2016-10-24,0.000151177297786776
2016-10-25,0.000178659285511423
2016-10-26,0.000256954926953748
2016-10-27,0.000249744589083542
2016-10-28,0.000383965609022298
2016-10-31,0.000228448815089928
2016-11-01,0.000316027433895672
2016-11-02,0.000354070865804568
2016-11-03,0.000274306221866427
2016-11-04,0.000288290432679172
2016-11-07,0.000182142522447439
2016-11-08,0.000247028570924212
2016-11-09,0.000565990786234206
2016-11-10,0.000544732926929166
2016-11-11,0.000346652913593569
2016-11-14,0.000337895406753644
2016-11-15,0.000205330035178573
2016-11-16,0.000195642273529621
2016-11-17,0.000189644039801669
2016-11-18,0.000170123809901873
2016-11-21,0.000149375338288367
2016-11-22,0.000147104988907928
2016-11-23,0.000166581286614225
2016-11-28,0.000173731720737798
2016-11-29,0.000155402419279931
2016-11-30,0.000199925471285475
2016-12-01,0.000258188784735203
2016-12-02,0.000191020675817403
2016-12-05,0.000188898710541531
2016-12-06,0.000155964319278183
2016-12-07,0.000198224170672856
2016-12-08,0.000230495023535424
2016-12-09,0.000151284472495806
2016-12-12,0.00018651027825541
2016-12-13,0.000203149555027889
2016-12-14,0.000347189915269265
2016-12-15,0.000285221780945534
2016-12-16,0.000206836478415821
2016-12-19,0.000196172395278922
2016-12-20,0.000146571088209398
2016-12-21,0.000116240828540652
2016-12-22,0.000140188583893922
2016-12-23,9.45450909234672e-05
2016-12-27,0.0001055254154661
2016-12-28,0.000173898746012497
2016-12-29,0.000163715501656595
2016-12-30,0.000223842062292141
2017-01-03,0.000255527480757233
2017-01-04,0.000175961221909987
2017-01-05,0.000186415260814438
2017-01-06,0.000193270613097112
2017-01-09,0.000165528549465403
2017-01-10,0.000162990046454985
2017-01-11,0.000332204248333613
2017-01-12,0.000238062469102011
2017-01-13,0.00016736646096597
2017-01-17,0.000185947773334066
2017-01-18,0.000182446298805524
2017-01-19,0.000202018346008915
2017-01-20,0.000265381039797296
2017-01-23,0.000206396433274326
2017-01-24,0.000149398077464893
2017-01-25,0.00015634688332219
2017-01-26,0.000160844222024919
2017-01-27,0.000146811778683399
2017-01-30,0.000211853275977779
2017-01-31,0.000214204658116779
2017-02-01,0.000251306963587017
2017-02-02,0.000195697333845032
2017-02-03,0.000170063534246311
2017-02-06,0.000170864465115083
2017-02-07,0.000161448144534975
2017-02-08,0.000172572294339116
2017-02-09,0.000144225579980108
2017-02-10,0.000138945954057527
2017-02-13,0.000123415069795985
2017-02-14,0.000170150582284317
2017-02-15,0.000153592625506202
2017-02-16,0.000221684727036978
2017-02-17,0.000154094573327507
2017-02-21,0.000163325854761888
2017-02-22,0.000154767882144593
2017-02-23,0.00017636862978925
2017-02-24,0.000171884198835028
2017-02-27,0.000174091397565444
2017-02-28,0.00013629387511136
2017-03-01,0.000162880978072969
2017-03-02,0.000160754642095954
2017-03-03,0.000191454092775563
2017-03-06,0.00015890697178558
2017-03-07,0.000162392562944944
2017-03-08,0.000179979477049346
2017-03-09,0.00020424634838238
2017-03-10,0.000201895577566995
2017-03-13,0.000140803377760027
2017-03-14,0.000189744226908789
2017-03-15,0.000214903226057957
2017-03-16,0.000191417429455278
2017-03-17,0.000138635405313875
2017-03-20,0.000162401416283917
2017-03-21,0.000340778495107731
2017-03-22,0.000292404160229738
2017-03-23,0.000257717406072451
2017-03-24,0.000239582691729463
2017-03-27,0.000264288847626574
2017-03-28,0.000236911066148191
2017-03-29,0.000191132695385947
2017-03-30,0.000183651374193309
2017-03-31,0.000157399459549039
2017-04-03,0.000254638888597959
2017-04-04,0.000200453476237876
2017-04-05,0.000235599749952087
2017-04-06,0.00025584724381424
2017-04-07,0.000253806505104257
2017-04-10,0.000218058534195017
2017-04-11,0.000315279970487442
2017-04-12,0.000271467203366395
2017-04-13,0.000229989607488144
2017-04-17,0.0001718664330721
2017-04-18,0.000215830070572268
2017-04-19,0.000197220320640604
2017-04-20,0.000190221308994281
2017-04-21,0.000203208797772507
2017-04-24,0.000176509333631846
2017-04-25,0.000142750640900596
2017-04-26,0.000235307780511298
2017-04-27,0.000166448032813007
2017-04-28,0.000143120370633387
2017-05-01,0.000160154286912213
2017-05-02,0.00013998048421657
2017-05-03,0.000154848338391942
2017-05-04,0.000201611434628344
2017-05-05,0.000142241438103424
2017-05-08,0.000118652936170511
2017-05-09,0.000129146691024386
2017-05-10,0.000124349455282183
2017-05-11,0.000195314099705443
2017-05-12,0.000131722486999717
2017-05-15,0.000108181356074932
2017-05-16,0.000136224640249322
2017-05-17,0.000284590142867515
2017-05-18,0.00031942540504898
2017-05-19,0.000195987047602628
2017-05-22,0.000134877946437201
2017-05-23,0.000137095730178145
2017-05-24,0.000132600863961164
2017-05-25,0.000141764516208808
2017-05-26,0.000109335335482294
2017-05-30,0.000127823241576856
2017-05-31,0.000204025817703823
2017-06-01,0.000141920716032519
2017-06-02,0.000151154943940456
2017-06-05,0.000114507899613563
2017-06-06,0.000140217935773616
2017-06-07,0.00017035466030322
2017-06-08,0.000201927722154026
2017-06-09,0.000269068148195921
2017-06-12,0.000214187182514481
2017-06-13,0.000149911451750444
2017-06-14,0.000231779360646276
2017-06-15,0.000209422388440091
2017-06-16,0.000185750626164149
2017-06-19,0.000126362011198087
2017-06-20,0.000152183262843119
2017-06-21,0.000179891709750582
2017-06-22,0.000151210986760658
2017-06-23,0.000133119534357797
2017-06-26,0.000181423699842651
2017-06-27,0.000217726302976742
2017-06-28,0.000165924898917945
2017-06-29,0.000357683528286936
2017-06-30,0.000178626376123601
2017-07-05,0.000190834654396592
2017-07-06,0.000229541025308495
2017-07-07,0.000160922898203477
2017-07-10,0.000133029713660925
2017-07-11,0.000196406554563442
2017-07-12,0.000164225625186548
2017-07-13,0.0001382053726462
2017-07-14,0.000112578892293278
2017-07-17,0.000126800441584885
2017-07-18,0.000137495742389736
2017-07-19,0.000102535219446499
2017-07-20,0.000165627973899538
2017-07-21,0.000134667427975978
2017-07-24,9.38597803998841e-05
2017-07-25,0.000114922404255593
2017-07-26,0.000122443756336073
2017-07-27,0.000241609647733556
2017-07-28,0.000171030263491089
2017-07-31,0.000132612026018636
2017-08-01,0.00012845891426354
2017-08-02,0.000160772640826698
2017-08-03,0.000118686155228772
2017-08-04,0.000154607421902805
2017-08-07,7.59422675091625e-05
2017-08-08,0.000146488797995779
2017-08-09,0.000210138389747703
2017-08-10,0.000283331631439783
2017-08-11,0.000210040219040466
2017-08-14,0.000134660733542797
2017-08-15,0.000157889796589887
2017-08-16,0.000177203771542606
2017-08-17,0.000303369806267654
2017-08-18,0.000291602128469086
2017-08-21,0.000216200141724931
2017-08-22,0.000145812728122257
2017-08-23,0.000171962930530668
2017-08-24,0.000221767165862468
2017-08-25,0.000187630502085277
2017-08-28,0.000145777538382829
2017-08-29,0.000212992065443054
2017-08-30,0.000135500599475798
2017-08-31,0.000147758205161292
2017-09-01,0.000115371389652953
2017-09-05,0.000264872570123425
2017-09-06,0.000179622478530875
2017-09-07,0.000183544125518151
2017-09-08,0.000142540990709031
2017-09-11,0.000107066982082678
2017-09-12,0.00012708320593212
2017-09-13,0.000100856317769674
2017-09-14,0.000106704307585238
2017-09-15,9.09098373447614e-05
2017-09-18,0.000110981093772762
2017-09-19,0.00011230759462406
2017-09-20,0.000182714242407508
2017-09-21,0.000129323350515498
2017-09-22,0.000105746551772079
2017-09-25,0.000201031315443528
2017-09-26,0.00014887232632555
2017-09-27,0.00015323638316999
2017-09-28,0.00013769607710238
2017-09-29,0.000117341509890179
2017-10-02,0.000120655252109695
2017-10-03,9.06372152629642e-05
2017-10-04,0.000113583847440806
2017-10-05,0.000107252482203788
2017-10-06,0.000126974575194842
2017-10-09,9.11018589887697e-05
2017-10-10,0.000145486551376328
2017-10-11,9.25158461491078e-05
2017-10-12,0.000106509441777659
2017-10-13,8.97336545834891e-05
2017-10-16,0.000100491476360677
2017-10-17,8.81722200598124e-05
2017-10-18,9.56063717049537e-05
2017-10-19,0.000153632553252218
2017-10-20,0.00010277845572857
2017-10-23,0.000123491263863112
2017-10-24,0.000124733694691889
2017-10-25,0.000225108005989455
2017-10-26,0.000159447373451325
2017-10-27,0.000156516425878867
2017-10-30,0.00014912362449495
2017-10-31,0.000101767626825912
2017-11-01,0.000169180086277394
2017-11-02,0.000200454762890529
2017-11-03,0.000124277121418811
2017-11-06,9.83000796045409e-05
2017-11-07,0.000153719225006238
2017-11-08,0.00011804155633046
2017-11-09,0.000290861737636757
2017-11-10,0.000165285708638624
2017-11-13,0.000117170996611351
2017-11-14,0.00021155413243028
2017-11-15,0.000207762918467144
2017-11-16,0.000129512073289557
2017-11-17,0.000138016383375129
2017-11-20,0.00010813549849721
2017-11-21,0.000106920139421079
2017-11-22,0.00010037658300652
2017-11-27,0.000110964788249638
2017-11-28,0.000155384012899413
2017-11-29,0.000218862373078278
2017-11-30,0.000214648249581656
2017-12-01,0.000658954350202604
2017-12-04,0.000247413742285471
2017-12-05,0.000217931951709678
2017-12-06,0.000207292386495661
2017-12-07,0.000173326661047838
2017-12-08,0.000139111585488278
2017-12-11,0.000119627161506354
2017-12-12,0.00013711642797845
2017-12-13,0.000166515623119281
2017-12-14,0.000167959615112954
2017-12-15,0.000141082764274177
2017-12-18,0.000130725913741227
2017-12-19,0.000152872891025055
2017-12-20,0.000184475371262628
2017-12-21,0.000120643240010759
2017-12-22,0.000117984082788137
2017-12-26,0.000101349445273523
2017-12-27,9.62062431836143e-05
2017-12-28,7.79418618516122e-05
2017-12-29,0.000125447666830486
2018-01-02,0.000138530796290517
2018-01-03,0.000127386701516965
2018-01-04,0.000138658862239558
2018-01-05,0.000128915219008617
2018-01-08,0.000119321487749881
2018-01-09,0.000159603337799479
2018-01-10,0.000187906603707021
2018-01-11,0.000130615249926211
2018-01-12,0.000149037616304489
2018-01-16,0.000295840225877923
2018-01-17,0.000216846951029284
2018-01-18,0.000222025985230286
2018-01-19,0.000183270393296042
2018-01-22,0.000174449508534181
2018-01-23,0.00022369681079122
2018-01-24,0.000323743464070852
2018-01-25,0.000306188229203599
2018-01-26,0.000174257294014741
2018-01-29,0.000250341179480771
2018-01-30,0.000338930184064785
2018-01-31,0.000297622865189644
2018-02-01,0.000303084513997008
2018-02-02,0.000394089566802043
2018-02-05,0.00101789849956552
2018-02-06,0.00134816356969907
2018-02-07,0.000703145468807794
2018-02-08,0.00093218770079459
2018-02-09,0.00122099791540542
2018-02-12,0.000611561377002095
2018-02-13,0.000502503050383426
2018-02-14,0.000530674039941745
2018-02-15,0.000427338457246611
2018-02-16,0.00045445957868943
2018-02-20,0.000408522776591542
2018-02-21,0.000468766413000074
2018-02-22,0.000491368064292328
2018-02-23,0.000330983923078374
2018-02-26,0.000259604843751527
2018-02-27,0.000430990067940146
2018-02-28,0.00040503427512773
2018-03-01,0.0007989906907633
2018-03-02,0.000625575087281402
2018-03-05,0.000441504983743318
2018-03-06,0.000421881755256434
2018-03-07,0.000431369798001847
2018-03-08,0.00032051849927573
2018-03-09,0.000243426658011751
2018-03-12,0.000270597218899165
2018-03-13,0.000374721716137902
2018-03-14,0.000422094348336373
2018-03-15,0.000298545803856824
2018-03-16,0.000227453628658068
2018-03-19,0.000393214187108714
2018-03-20,0.00032351308691538
2018-03-21,0.000431605594718457
2018-03-22,0.000555151045033932
2018-03-23,0.000650833002099694
2018-03-26,0.000507065815079799
2018-03-27,0.00058152064742779
2018-03-28,0.000856277562934513
2018-03-29,0.000474403974598393
2018-04-02,0.000691105417009173
2018-04-03,0.000650266021072229
2018-04-04,0.000618927545648621
2018-04-05,0.000441581683759965
2018-04-06,0.000649268506683851
2018-04-09,0.000403006916820098
2018-04-10,0.000562658021580532
2018-04-11,0.00043891605227039
2018-04-12,0.000378949177057773
2018-04-13,0.00043661646474971
2018-04-16,0.00032977740704253
2018-04-17,0.000246637745613621
2018-04-18,0.000249104137101845
2018-04-19,0.00033180399063358
2018-04-20,0.0003436612675611
2018-04-23,0.000318655244261673
2018-04-24,0.00053334248230759
2018-04-25,0.000499848715384453
2018-04-26,0.000314981913082996
2018-04-27,0.000328395646675697
2018-04-30,0.000320723499230129
2018-05-01,0.000350696640265014
2018-05-02,0.000323723263725282
2018-05-03,0.000551705710212531
2018-05-04,0.00031546689630086
2018-05-07,0.000273188947349954
2018-05-08,0.000402642011331228
2018-05-09,0.000276833678394761
2018-05-10,0.00024289540962471
2018-05-11,0.0002494951085528
2018-05-14,0.000218220587294658
2018-05-15,0.000363106833508771
2018-05-16,0.000240616459432897
2018-05-17,0.000250510515068808
2018-05-18,0.00025059963256436
2018-05-21,0.00021993974077957
2018-05-22,0.000204946343228777
2018-05-23,0.00026977091506683
2018-05-24,0.000329974385169761
2018-05-25,0.000210322144248203
2018-05-29,0.000398751767403273
2018-05-30,0.000234506639293544
2018-05-31,0.000321059209920754
2018-06-01,0.000230802184179304
2018-06-04,0.000160675347183354
2018-06-05,0.000197157208151661
2018-06-06,0.000190496954579167
2018-06-07,0.000275664989154401
2018-06-08,0.000216579301862164
2018-06-11,0.000152539234657765
2018-06-12,0.000150351428590232
2018-06-13,0.00019925305219608
2018-06-14,0.000177025501921919
2018-06-15,0.000225423955606588
2018-06-18,0.000200299936699915
2018-06-19,0.000288836528330884
2018-06-20,0.000189727155587371
2018-06-21,0.000301703845813337
2018-06-22,0.000215283126628621
2018-06-25,0.000409863202413732
2018-06-26,0.00030318477580948
2018-06-27,0.000383030122397217
2018-06-28,0.000439922560951893
2018-06-29,0.000223831171724711
2018-07-02,0.000296650158884786
2018-07-05,0.000292003217026644
2018-07-06,0.00022580344495453
2018-07-09,0.000171381635583002
2018-07-10,0.000200798547911044
2018-07-11,0.000262365213468373
2018-07-12,0.000215672225155894
2018-07-13,0.000170578414854195
2018-07-16,0.000171835539508982
2018-07-17,0.000173887546291772
2018-07-18,0.000160939957701397
2018-07-19,0.000247007164491029
2018-07-20,0.00015339842354175
2018-07-23,0.000158747425773843
2018-07-24,0.000232551474449354
2018-07-25,0.000161213016938184
2018-07-26,0.000199105804352749
2018-07-27,0.000285510794712797
2018-07-30,0.000262899597444489
2018-07-31,0.000198069083556656
